Product Name,Offer,Product_price,Discount_price,Reviwe,Reting,Delivery
Akash Traders Bluetooth Calling Smart watch T500 Smartwatch,81% off,"1,999",₹367,(696),3.5,Bank Offer
SHIVANA NEW UPDATED T500 CALLING Z-13 Smartwatch,88% off,"2,999",₹357,(5),4.2,Bank Offer
"Gamesir I8 Pro pink Smartwatch with Bluetooth, Fitness & Heart Rate Tracking Smartwatch",70% off,"1,999",₹587,(23),3.9,Hot Deal
Dfuli i20 Ultra Android Smart Watch- 7in1 Combo Smartwatch,71% off,"2,199",₹628,(18),4,Only few left
"Rls T500Ultra Max""HD Display Bluetooth Calling, Music Mode Smartwatch-13 Smartwatch",74% off,"1,499",₹382,(3),4.7,Only few left
"GameSir ""SmartKids 4G/5G Video Calling, GPS Locator, Two-Way Calling, & All Sim Support Smartwatch",46% off,"4,999","₹2,652",(66),3.6,Bank Offer
Laxmi Traders T800 Ultra Honeycomb Edition smart watch with GAME SIM card 4G network Smartwatch,86% off,"2,949",₹390,(4),4.3,Only few left
Rls T800 Ultra Pro Edition smart watch with WiFi GPS SIM card 5G ultra Speed-1 Smartwatch,74% off,"1,499",₹383,(84),3.6,Only few left
Timofy School Time LED Watch for Boys and Girls Not A Smartwatch,78% off,699,₹149,(43),4,Bank Offer
Joka Android Smart Watch Men 4G Network BT Call GPS X8 Ultra S8 Smart T500 R4 Smartwatch,88% off,"3,199",₹357,(45),3.9,Only few left
"SKYPHR Sky 800 Ultra smart watch with Wireless Charging, Bluetooth Calling og64 Smartwatch",67% off,"1,299",₹427,(45),3.9,Bank Offer
"Gamesir T800 Ultra Orange Smartwatch with Bluetooth, Fitness & Heart Rate Tracking Smartwatch",70% off,"1,999",₹587,(450),3.8,Hot Deal
"Bfsteckt H9 Blutooth calling Fitness & Health Tracker Watchphone, For Kids Grils Boys Men Smartwatch",38% off,999,₹614,(20),3.7,Only few left
"Bfsteckt H9 Blutooth calling Fitness & Health Tracker Watchphone, For Kids Grils Boys Men Smartwatch",39% off,999,₹605,(22),4.3,Only few left
"PunnkFunnk Edge-Lite | 1.99 "" Amoled Display | BT Calling | AI Voice | Music | Fitness Smartwatch",63% off,"1,999",₹739,(45),3.9,Hot Deal
Vishaq S9 Smartwatch,77% off,"2,299",₹517,(109),4,Only few left
"DOXWO H9 Smartwatch BT Calling | Fitness | Ai voice | Gaming & Music,Ai voice Smartwatch",82% off,"3,999",₹683,(64),3.7,Bank Offer
"Bfsteckt H6 Blutooth calling Fitness & Health Tracker Watchphone, For Kids Grils Boys Men Smartwatch",41% off,999,₹583,(51),3.6,Bank Offer
"Bfsteckt H9 Blutooth calling Fitness & Health Tracker Watchphone, For Kids Grils Boys Men Smartwatch",38% off,999,₹614,(44),4.1,Only few left
TARIDO kids digital watch Smartwatch,89% off,"1,999",₹205,(16),4.3,Only few left
GameSir H9 gREY-A1 Full Screen Touch Watch Specially Made for Girl & Women Smartwatch,40% off,"1,399",₹838,(3),4,Hot Deal
"Melbon Active Bluetooth Music Calling 1.39 Amoled Display, IP67, 100+ Cloud Watch Faces Smartwatch",74% off,"4,999","₹1,274",(2),5,Bank Offer
VVP T800 Ultra with game wireless charger Smartwatch,74% off,"1,499",₹386,(9),4.2,Only few left
Rolss New Stylish BlacK Colour Slim Touch Screen LED Light Watch Smartwatch,85% off,999,₹149,(297),3.8,Hot Deal
SHIVANA NEW UPDATED T500 CALLING Z-60 Smartwatch,88% off,"2,999",₹357,(35),3.5,Bank Offer
IKART Gold Bluetooth Calling with Fitness Health Sports Music 1EXTRA STRAP V5 Smartwatch,84% off,"2,999",₹477,(85),4.1,Hot Deal
DOXWO T800 Metal Black Luxury Smartwatch AMOLED Display BT Calling Fitness Tracker Smartwatch,84% off,"3,999",₹633,(134),3.7,Bank Offer
SHIVANA NEW UPDATED T500 CALLING Z-70 Smartwatch,88% off,"2,999",₹357,(7),4.4,Bank Offer
"BYPASS T-800 Ultra Smartwatch with 1.99 HD display,Wireless Charging,Bluetooth Calling Smartwatch",87% off,"2,999",₹388,(13),4,Only few left
SACRO LEL480_smartwatch T900 Ultra Infinite Display Smartwatch Calling Feature (Black) Smartwatch,82% off,"2,299",₹396,(4),5,Only few left
"PunnkFunnk Edge-Lite | 1.99 "" Amoled Display | BT Calling | AI Voice | Music | Fitness Smartwatch",63% off,"1,999",₹739,,,Hot Deal
PunnkFunnk Sh_ACTIVE 2 Silicone Grey Smart Watch: Alloy Case and Super AMOLED Display Smartwatch,55% off,"2,999","₹1,344",,,Bank Offer
BRATON Smart Watch Smartwatch,90% off,"1,999",₹185,,,Only few left
SHIVANA NEW UPDATED T500 CALLING Z-94 Smartwatch,88% off,"2,999",₹357,,,Only few left
"Melbon T800 Ultra Bluetooth Calling, Fitness & Music, Sports & fashions Smartwatch",68% off,"1,999",₹633,,,Bank Offer
Relelsetech H9 Bluetooth Calling Smartwatch with Fitness & Health Tracking for Kids & Men Smartwatch,36% off,999,₹635,,,Only few left
"PunnkFunnk Sh_Q18 Kids Smartwatch 1.44"" Display, Learning Apps, Waterproof, Calling Watch Smartwatch",53% off,"2,999","₹1,384",,,Hot Deal
GameSir 4G Touchscreen Smart Kids Watch Toy Selfie Cam Learning Games Alarm Calculator Smartwatch,78% off,"4,999","₹1,095",,,Bank Offer
PROBMX T800 ULTRA SMARTWATCH Smartwatch,81% off,"1,999",₹374,,,Only few left
DOXWO H9 black Luxury Smartwatch AMOLED Display BT Calling Fitness Tracker Ai voice Smartwatch,83% off,"3,999",₹667,,,Only few left
Akash Traders Bluetooth Calling Smart watch T500 Smartwatch,81% off,"1,999",₹367,(16),4.2,Bank Offer
SHIVANA NEW UPDATED T500 CALLING Z-13 Smartwatch,88% off,"2,999",₹357,(696),3.5,Bank Offer
TECHIO T800 Smart Watch Ultra V-Pro 726 Nova Smart Watch Smartwatch,81% off,"1,999",₹374,(11),4.1,Only few left
braton SPORT WATCH-759 Smartwatch,89% off,"1,999",₹211,(23),3.9,Only few left
"Gamesir I8 Pro pink Smartwatch with Bluetooth, Fitness & Heart Rate Tracking Smartwatch",70% off,"1,999",₹587,(66),3.6,Hot Deal
Ezerio Gen 9 Diamond Strap HD Display 2 Straps BT Calling Smartwatch Rose Gold Strap Smartwatch,71% off,"2,999",₹865,(11),4.1,Only few left
"GameSir ""SmartKids 4G/5G Video Calling, GPS Locator, Two-Way Calling, & All Sim Support Smartwatch",46% off,"4,999","₹2,652",(84),3.6,Bank Offer
Timofy School Time LED Watch for Boys and Girls Not A Smartwatch,78% off,699,₹149,(43),4,Bank Offer
"WTG H20 Ultra Amoled Display, Bluetooth, Music, Voice Calling, Fitness, Health, Ip67 Smartwatch",72% off,"3,999","₹1,085",(64),4,Hot Deal
TECHIO T800 Smart Watch Ultra V-Pro 464 Flex Smart Watch Smartwatch,81% off,"1,999",₹374,(23),4,Only few left
"SKYPHR Sky 800 Ultra smart watch with Wireless Charging, Bluetooth Calling og64 Smartwatch",67% off,"1,299",₹427,(450),3.8,Bank Offer
"Gamesir T800 Ultra Orange Smartwatch with Bluetooth, Fitness & Heart Rate Tracking Smartwatch",70% off,"1,999",₹587,(20),4.4,Hot Deal
"PunnkFunnk T-STORM 1.99"" AMOLED Display BT Calling, Social Notification, Fitness, Health Smartwatch",82% off,"3,999",₹698,(20),3.7,Hot Deal
"PunnkFunnk T800 Metallic Strap Smartwatch with Bluetooth, Fitness & Heart Rate Tracking Smartwatch",63% off,"1,999",₹735,(22),4.3,Hot Deal
"PunnkFunnk Edge-Lite | 1.99 "" Amoled Display | BT Calling | AI Voice | Music | Fitness Smartwatch",63% off,"1,999",₹739,(33),3.5,Hot Deal
"ATSH HUB Trendy latest Gen9 smartwatch, Golden & Pink strap ,hd display * Smartwatch",80% off,"4,499",₹856,(64),3.7,Only few left
"DOXWO H9 Smartwatch BT Calling | Fitness | Ai voice | Gaming & Music,Ai voice Smartwatch",82% off,"3,999",₹683,(51),3.6,Bank Offer
"Bfsteckt H6 Blutooth calling Fitness & Health Tracker Watchphone, For Kids Grils Boys Men Smartwatch",41% off,999,₹583,(4),4,Bank Offer
SHIVANA NEW UPDATED T500 CALLING Z-4 Smartwatch,88% off,"2,999",₹357,(31),4,Only few left
"Gamesir I8 Pro Silicone Black Smartwatch with Bluetooth, Fitness & Heart Rate Tracking Smartwatch",70% off,"1,999",₹587,(3),4,Hot Deal
GameSir H9 gREY-A1 Full Screen Touch Watch Specially Made for Girl & Women Smartwatch,40% off,"1,399",₹838,(19),4.4,Hot Deal
"Melbon Active Bluetooth Music Calling 1.39 Amoled Display, IP67, 100+ Cloud Watch Faces Smartwatch",74% off,"4,999","₹1,274",(42),4.1,Bank Offer
Ezerio Gen 9 Diamond Strap HD Display 2 Straps BT Calling Smartwatch Smartwatch,78% off,"4,999","₹1,084",(297),3.8,Only few left
SKYPHR SKY T800 ultra smartwatch big display bluetooth calling or20 Smartwatch,74% off,"1,299",₹327,(35),3.5,Only few left
DOXWO T800 Metal Black Luxury Smartwatch AMOLED Display BT Calling Fitness Tracker Smartwatch,84% off,"3,999",₹633,(3),4.3,Bank Offer
Shivana T500 Ultra Smartwatch | Bluetooth Calling | Wireless Charging | Waterproof p66 Smartwatch,81% off,"1,999",₹379,(4),4.3,Only few left
SHIVANA NEW UPDATED T500 CALLING Z-60 Smartwatch,88% off,"2,999",₹357,(134),3.7,Bank Offer
SHIVANA NEW UPDATED T500 CALLING Z-70 Smartwatch,88% off,"2,999",₹357,(4),4,Bank Offer
Venkat zone GEN9 GOLD ( Extra Pink Strap) amoled display touchscreen Wireless charge V34 Smartwatch,83% off,"4,999",₹843,,,Hot Deal
"GameSir T55 Pink 1.69"" AMOLED Display, Music, Fitness, Sports Smartwatch",47% off,"1,099",₹576,,,Hot Deal
"PunnkFunnk Edge-Lite | 1.99 "" Amoled Display | BT Calling | AI Voice | Music | Fitness Smartwatch",63% off,"1,999",₹739,,,Hot Deal
PunnkFunnk Sh_ACTIVE 2 Silicone Grey Smart Watch: Alloy Case and Super AMOLED Display Smartwatch,55% off,"2,999","₹1,344",,,Bank Offer
Syshri Generation 9 : The Next Generation With Sleep Monitor & Smart Notifications Smartwatch,63% off,"3,999","₹1,476",,,Only few left
"GameSir Sh_Active 2 Round Stay Connected with YouTube, Facebook, and Insta Notifications Smartwatch",72% off,"4,999","₹1,365",,,Only few left
GameSir 4G Touchscreen Smart Kids Watch Toy Selfie Cam Learning Games Alarm Calculator Smartwatch,78% off,"4,999","₹1,095",,,Bank Offer
"Roudrantak T-800 Ultra Smartwatch with 1.99 HD display,Wireless Charging,Bluetooth Calling Smartwatch",82% off,"2,199",₹392,,,Only few left
"Melbon T800 Ultra Bluetooth Calling, Fitness & Music, Sports & fashions Smartwatch",68% off,"1,999",₹633,,,Bank Offer
"PunnkFunnk Sh_Q18 Kids Smartwatch 1.44"" Display, Learning Apps, Waterproof, Calling Watch Smartwatch",53% off,"2,999","₹1,384",,,Hot Deal
CRIKONIQ Ultra 2 Series Smartwatch 7 in 1 Combo Set with Calling Feature & Sport Straps Smartwatch,78% off,"2,999",₹635,,,Only few left
TECHIO T800 Smart Watch Ultra V-Pro 205 Edge Smart Watch Smartwatch,81% off,"1,999",₹374,,,Only few left
Akash Traders Bluetooth Calling Smart watch T500 Smartwatch,81% off,"1,999",₹367,(5),4,Bank Offer
SHIVANA NEW UPDATED T500 CALLING Z-13 Smartwatch,88% off,"2,999",₹357,(3),5,Bank Offer
"PunnkFunnk T-STORM 1.99"" AMOLED Display BT Calling, Social Notification, Fitness, Health Smartwatch",80% off,"3,999",₹761,(696),3.5,Only few left
Bewada Trendy Digital Apple NA-Inspired Digital Round Dial Touch Screen Wali Watch Smartwatch,70% off,699,₹208,(3),4.3,Only few left
"Gamesir I8 Pro pink Smartwatch with Bluetooth, Fitness & Heart Rate Tracking Smartwatch",70% off,"1,999",₹587,(23),3.9,Hot Deal
Rkls T800 Ultra Pro Edition smart watch with WiFi GPS SIM card 5G ultra Speed-1-31 Smartwatch,64% off,"1,499",₹535,(66),3.6,Only few left
"GameSir ""SmartKids 4G/5G Video Calling, GPS Locator, Two-Way Calling, & All Sim Support Smartwatch",46% off,"4,999","₹2,652",(12),4.3,Bank Offer
Timofy School Time LED Watch for Boys and Girls Not A Smartwatch,78% off,699,₹149,(9),4.1,Bank Offer
"Fireboltt Rise BT Calling,1.85"", Voice Assistance & 123 Sports Single BT Connection Smartwatch",88% off,"11,999","₹1,368",(84),3.6,Only few left
Mid Light T800 SERIES 8 BLUETOOTH CALLING SMARTWATCH HEART MONITOR UNISEX M131 Smartwatch,77% off,"1,999",₹452,(43),4,Hot Deal
"SKYPHR Sky 800 Ultra smart watch with Wireless Charging, Bluetooth Calling og64 Smartwatch",67% off,"1,299",₹427,(9),4.2,Bank Offer
"Gamesir T800 Ultra Orange Smartwatch with Bluetooth, Fitness & Heart Rate Tracking Smartwatch",70% off,"1,999",₹587,(9),4.1,Hot Deal
Melbon T500 black -A1 Full Screen Touch Watch Specially Made for Girl & Women Smartwatch,72% off,"2,999",₹838,(450),3.8,Hot Deal
P U COLLECTION T55 Black Smart Watch with Calling Function and BP Monitor(Series 7) Smartwatch,64% off,"2,049",₹724,(19),4.3,Only few left
"PunnkFunnk Edge-Lite | 1.99 "" Amoled Display | BT Calling | AI Voice | Music | Fitness Smartwatch",63% off,"1,999",₹739,(20),3.7,Hot Deal
"Melbon Edge lite pink Amoled Display Smartwatch with Bluetooth Calling, Fitness Tracker Smartwatch",56% off,"1,999",₹863,(22),4.3,Only few left
"DOXWO H9 Smartwatch BT Calling | Fitness | Ai voice | Gaming & Music,Ai voice Smartwatch",82% off,"3,999",₹683,(41),3.8,Bank Offer
"Bfsteckt H6 Blutooth calling Fitness & Health Tracker Watchphone, For Kids Grils Boys Men Smartwatch",41% off,999,₹583,(3),4.3,Bank Offer
SAMSTAR COLLECTION i8 pro max series 8 Touchscreen Smart Watch Bluetooth Daily Activity TrackeR Smartwatch,84% off,"2,999",₹477,(64),3.7,Only few left
Wingsters T800 Ultra Honeycomp Edition smart watch .. Smartwatch,74% off,"1,499",₹383,(51),3.6,Only few left
GameSir H9 gREY-A1 Full Screen Touch Watch Specially Made for Girl & Women Smartwatch,40% off,"1,399",₹838,(103),3.6,Hot Deal
"Melbon Active Bluetooth Music Calling 1.39 Amoled Display, IP67, 100+ Cloud Watch Faces Smartwatch",74% off,"4,999","₹1,274",(13),3.8,Bank Offer
BYPASS T800 ORANGE ULTRA WIRELESS CHARGER 1.99 INFINITE DISPLAY SMART WATCH BS108333 Smartwatch,85% off,"2,999",₹427,(3),4,Only few left
"Juto T800 Ultra ,Series 8, Heart rate, 320x380 Pixel, Bluetooth Calling Smartwatch",83% off,"2,499",₹417,(3),4,Only few left
DOXWO T800 Metal Black Luxury Smartwatch AMOLED Display BT Calling Fitness Tracker Smartwatch,84% off,"3,999",₹633,(25),3.7,Bank Offer
Pushkar Traders T800 Ultra Edition smart watch with WiFi GPS 4G Wireless Charger S8 Smartwatch,80% off,"2,999",₹577,(3),4.3,Only few left
SHIVANA NEW UPDATED T500 CALLING Z-60 Smartwatch,88% off,"2,999",₹357,(297),3.8,Bank Offer
SHIVANA NEW UPDATED T500 CALLING Z-70 Smartwatch,88% off,"2,999",₹357,(35),3.5,Bank Offer
PS COLLECTION T55 Series 7 Dual Belt Smartwatch Bluetooth Calling Fitness tracker Smartwatch,79% off,"3,999",₹810,(3),4.7,Only few left
TARIDO Smart Watch Smartwatch,88% off,"1,999",₹236,(4),4.3,Only few left
"PunnkFunnk Edge-Lite | 1.99 "" Amoled Display | BT Calling | AI Voice | Music | Fitness Smartwatch",63% off,"1,999",₹739,(9),3.9,Hot Deal
PunnkFunnk Sh_ACTIVE 2 Silicone Grey Smart Watch: Alloy Case and Super AMOLED Display Smartwatch,55% off,"2,999","₹1,344",(134),3.7,Bank Offer
"DOXWO H9 AMOLED Display, BT Calling, 100+ Sports Modes,7-Day Battery Life,Ai voice Smartwatch",86% off,"4,999",₹678,(6),3.2,Only few left
BRATON Smart Watch Smartwatch,89% off,"1,999",₹215,(4),4,Only few left
GameSir 4G Touchscreen Smart Kids Watch Toy Selfie Cam Learning Games Alarm Calculator Smartwatch,78% off,"4,999","₹1,095",,,Bank Offer
"NIKHILX T-800 Ultra Smartwatch with 1.99 HD display,Wireless Charging,Bluetooth Calling Smartwatch",77% off,"1,999",₹443,,,Only few left
"Melbon T800 Ultra Bluetooth Calling, Fitness & Music, Sports & fashions Smartwatch",68% off,"1,999",₹633,,,Bank Offer
"PunnkFunnk Sh_Q18 Kids Smartwatch 1.44"" Display, Learning Apps, Waterproof, Calling Watch Smartwatch",53% off,"2,999","₹1,384",,,Hot Deal
Juup T800 ultra smart watch plus Smartwatch,48% off,849,₹436,,,Only few left
DOXWO H9 Black BT Calling HD Display Fitness Tracker 100+ Sports Modes gaming Smartwatch,87% off,"4,999",₹612,,,Only few left
SHIVANA NEW UPDATED T500 CALLING Z-13 Smartwatch,88% off,"2,999",₹357,(23),3.9,Bank Offer
"GameSir ""SmartKids 4G/5G Video Calling, GPS Locator, Two-Way Calling, & All Sim Support Smartwatch",46% off,"4,999","₹2,652",(5),4.2,Bank Offer
Dfuli i20 Ultra Android Smart Watch- 7in1 Combo Smartwatch,71% off,"2,199",₹628,(4),4.3,Only few left
SHIVANA NEW UPDATED T500 CALLING Z-38 Smartwatch,88% off,"2,999",₹357,(696),3.5,Only few left
Akash Traders Bluetooth Calling Smart watch T500 Smartwatch,81% off,"1,999",₹367,(18),4,Bank Offer
Joka Android Smart Watch Men 4G Network BT Call GPS X8 Ultra S8 Smart T500 R4 Smartwatch,88% off,"3,199",₹357,(45),3.9,Only few left
"Gamesir I8 Pro pink Smartwatch with Bluetooth, Fitness & Heart Rate Tracking Smartwatch",70% off,"1,999",₹587,(45),3.9,Hot Deal
"DOXWO Pro H9 Metal Watch 100+ Sports Modes, Call & Text Alerts, Long Battery Life Smartwatch",81% off,"4,999",₹908,(45),3.9,Bank Offer
Laxmi Traders T800 Ultra Honeycomb Edition smart watch with GAME SIM card 4G network Smartwatch,86% off,"2,949",₹390,(13),4,Only few left
"Bfsteckt H9 Blutooth calling Fitness & Health Tracker Watchphone, For Kids Grils Boys Men Smartwatch",38% off,999,₹614,(44),4.1,Only few left
"PunnkFunnk Sh_Q18 Kids Smartwatch 1.44"" Display, Learning Apps, Waterproof, Calling Watch Smartwatch",53% off,"2,999","₹1,384",(43),4,Hot Deal
GameSir 4G Touchscreen Smart Kids Watch Toy Selfie Cam Learning Games Alarm Calculator Smartwatch,78% off,"4,999","₹1,095",(51),3.6,Bank Offer
"Bfsteckt H9 Blutooth calling Fitness & Health Tracker Watchphone, For Kids Grils Boys Men Smartwatch",38% off,999,₹614,(85),4.1,Only few left
"Bfsteckt H9 Blutooth calling Fitness & Health Tracker Watchphone, For Kids Grils Boys Men Smartwatch",39% off,999,₹605,(84),3.6,Only few left
"GameSir Sh_Active 2 Round Stay Connected with YouTube, Facebook, and Insta Notifications Smartwatch",72% off,"4,999","₹1,365",(5),4.2,Bank Offer
PROBMX T800 ULTRA SMARTWATCH Smartwatch,81% off,"1,999",₹374,(3),4,Only few left
"Shivana T500 Smart Watch with Bluetooth Calling, Fitness Tracker, Steps Counter Smartwatch",77% off,"1,999",₹452,(109),4,Bank Offer
"punnkfunnk Sh_Safeguard4G/ 5G Smart Watch for Kids - GPS, Video Calls, and voice Chat Smartwatch",44% off,"4,999","₹2,757",(22),4.5,Hot Deal
VVP EH-160 T800 Ultra smart watch 4G network Smartwatch_Orange Smartwatch,74% off,"1,499",₹386,(134),3.7,Only few left
Rolss New Stylish BlacK Colour Slim Touch Screen LED Light Watch Smartwatch,85% off,999,₹149,(11),4.1,Hot Deal
"Gamesir T800 Ultra Orange Smartwatch with Bluetooth, Fitness & Heart Rate Tracking Smartwatch",70% off,"1,999",₹587,(3),4,Hot Deal
"Melbon Active Bluetooth Music Calling 1.39 Amoled Display, IP67, 100+ Cloud Watch Faces Smartwatch",74% off,"4,999","₹1,274",(17),3.6,Bank Offer
BRATON Smart Watch Smartwatch,90% off,"1,999",₹185,(13),4.3,Only few left
Vishaq S9 Smartwatch,77% off,"2,299",₹517,(4),4,Only few left
"SKYPHR Sky 800 Ultra smart watch with Wireless Charging, Bluetooth Calling og64 Smartwatch",67% off,"1,299",₹427,,,Bank Offer
Netzi T800 BLACK ULTRA SMART WATCH B9333 Smartwatch,73% off,"1,499",₹392,,,Only few left
"DOXWO Newly Launched H9 -2026 1.81""Display, 500 NITS Brightness BT Calling Smartwatch",86% off,"4,999",₹683,,,Bank Offer
DOXWO T800 Metal Black Luxury Smartwatch AMOLED Display BT Calling Fitness Tracker Smartwatch,84% off,"3,999",₹633,,,Bank Offer
TARIDO kids digital watch Smartwatch,89% off,"1,999",₹205,,,Only few left
"DOXWO H9 BT Calling Luxury HD 1.39""Screen,Working Crown, AI Voice/Fitness ,Game Smartwatch",84% off,"3,999",₹633,,,Only few left
"Melbon T800 Ultra Bluetooth Calling, Fitness & Music, Sports & fashions Smartwatch",68% off,"1,999",₹633,,,Bank Offer
DOXWO New Gold Smartwatch Calling Full Screen Touch Watch Specially Made for Men Smartwatch,86% off,"4,999",₹683,,,Bank Offer
"WTG H20 Ultra Amoled Display, Bluetooth, Music, Voice Calling, Fitness, Health, Ip67 Smartwatch",72% off,"3,999","₹1,085",,,Hot Deal
"Bewada New & hit Kids Round Digital Watch boy's and girl's led smartwatch,led watch-4 Smartwatch",67% off,499,₹162,,,Only few left
"GameSir 5G Kids Smartwatch with SIM, GPS,Video Call, VoiceChat, Camera, SOS & Waterproof Smartwatch",34% off,"3,999","₹2,630",,,Bank Offer
SHIVANA NEW UPDATED T500 CALLING Z-94 Smartwatch,88% off,"2,999",₹357,,,Only few left
"Melbon Sh_Active-2 Bluetooth Calling, Games, Fitness Music Camera Operate Unisex Smartwatch",73% off,"4,999","₹1,333",,,Bank Offer
"DOXWO H9 Metal AMOLED Always-On Display, Waterproof,AI Voice Assistant Fitness Smartwatch",84% off,"4,999",₹799,,,Bank Offer
"GameSir Active Metal gold 15 Bluetooth Calling, specially for women Smartwatch Smartwatch",41% off,"1,999","₹1,166",,,Hot Deal
Rolss Pack Of 2 Kids Digital Watches Waterproof Sports Square Electronic Led Watch-05 Smartwatch,76% off,799,₹184,,,Hot Deal
Akash Traders Bluetooth Calling Smart watch T500 Smartwatch,81% off,"1,999",₹367,(42),4.1,Bank Offer
SHIVANA NEW UPDATED T500 CALLING Z-13 Smartwatch,88% off,"2,999",₹357,(696),3.5,Bank Offer
EDENSCOPE LED Luxurious Fashion Silicone (No Calling) Digital Watch_KID6 Smartwatch,72% off,999,₹274,(16),4.2,Only few left
"Melbon Lumina 2.01 AMOLED Display, Smart Health, Music, Fitness, 100+ Sports, IP67 Smartwatch",78% off,"3,999",₹855,(23),3.9,Hot Deal
"Gamesir I8 Pro pink Smartwatch with Bluetooth, Fitness & Heart Rate Tracking Smartwatch",70% off,"1,999",₹587,(66),3.6,Hot Deal
braton SPORT WATCH-759 Smartwatch,89% off,"1,999",₹211,(11),4.1,Only few left
"GameSir ""SmartKids 4G/5G Video Calling, GPS Locator, Two-Way Calling, & All Sim Support Smartwatch",46% off,"4,999","₹2,652",(84),3.6,Bank Offer
Timofy School Time LED Watch for Boys and Girls Not A Smartwatch,78% off,699,₹149,(43),4,Bank Offer
Ezerio Gen 9 Diamond Strap HD Display 2 Straps BT Calling Smartwatch Rose Gold Strap Smartwatch,71% off,"2,999",₹865,(11),4.1,Only few left
TECHIO H9 Bluetooth Calling Smart Watch with HD Display & Smart Notifications Smartwatch,65% off,"1,999",₹685,(64),4,Only few left
"SKYPHR Sky 800 Ultra smart watch with Wireless Charging, Bluetooth Calling og64 Smartwatch",67% off,"1,299",₹427,(450),3.8,Bank Offer
"Gamesir T800 Ultra Orange Smartwatch with Bluetooth, Fitness & Heart Rate Tracking Smartwatch",70% off,"1,999",₹587,(23),4,Hot Deal
"WTG H20 Ultra Amoled Display, Bluetooth, Music, Voice Calling, Fitness, Health, Ip67 Smartwatch",72% off,"3,999","₹1,085",(20),3.7,Hot Deal
"PunnkFunnk T-STORM 1.99"" AMOLED Display BT Calling, Social Notification, Fitness, Health Smartwatch",82% off,"3,999",₹698,(22),4.3,Hot Deal
"PunnkFunnk Edge-Lite | 1.99 "" Amoled Display | BT Calling | AI Voice | Music | Fitness Smartwatch",63% off,"1,999",₹739,(9),4.4,Hot Deal
"PunnkFunnk T800 Metallic Strap Smartwatch with Bluetooth, Fitness & Heart Rate Tracking Smartwatch",63% off,"1,999",₹735,(64),3.7,Hot Deal
"DOXWO H9 Smartwatch BT Calling | Fitness | Ai voice | Gaming & Music,Ai voice Smartwatch",82% off,"3,999",₹683,(51),3.6,Bank Offer
"Bfsteckt H6 Blutooth calling Fitness & Health Tracker Watchphone, For Kids Grils Boys Men Smartwatch",41% off,999,₹583,(28),4.2,Bank Offer
SHIVANA NEW UPDATED T500 CALLING Z-29 Smartwatch,88% off,"2,999",₹357,(62),4.1,Only few left
Anshi First T800 Ultra Honeycomb smart watch Smartwatch,56% off,999,₹433,(3),4,Only few left
GameSir H9 gREY-A1 Full Screen Touch Watch Specially Made for Girl & Women Smartwatch,40% off,"1,399",₹838,(4),4.3,Hot Deal
"Melbon Active Bluetooth Music Calling 1.39 Amoled Display, IP67, 100+ Cloud Watch Faces Smartwatch",74% off,"4,999","₹1,274",(4),4,Bank Offer
CORRES LIFE Z5800 ULTRA Smartwatch,88% off,"4,299",₹483,(297),3.8,Only few left
IKART GEN9 Diamond Edition 2 Straps Super Amoled Display Smartwatch,84% off,"4,999",₹774,(35),3.5,Hot Deal
DOXWO T800 Metal Black Luxury Smartwatch AMOLED Display BT Calling Fitness Tracker Smartwatch,84% off,"3,999",₹633,(31),4,Bank Offer
Mecrolink T800 smart watch Smartwatch,82% off,"2,289",₹396,(134),3.7,Only few left
SHIVANA NEW UPDATED T500 CALLING Z-60 Smartwatch,88% off,"2,999",₹357,(20),4.4,Bank Offer
SHIVANA NEW UPDATED T500 CALLING Z-70 Smartwatch,88% off,"2,999",₹357,(19),4.4,Bank Offer
Pushkar Traders T900 Android Smart Watch2 Men 4G Network BT Call GPS X8 Ultra Smartwatch,83% off,"2,299",₹374,,,Only few left
Ezerio Gen 9 Diamond Strap HD Display 2 Straps BT Calling Smartwatch Smartwatch,78% off,"4,999","₹1,084",,,Only few left
"PunnkFunnk Edge-Lite | 1.99 "" Amoled Display | BT Calling | AI Voice | Music | Fitness Smartwatch",63% off,"1,999",₹739,,,Hot Deal
PunnkFunnk Sh_ACTIVE 2 Silicone Grey Smart Watch: Alloy Case and Super AMOLED Display Smartwatch,55% off,"2,999","₹1,344",,,Bank Offer
SKYPHR SKY T800 ultra smartwatch big display bluetooth calling or20 Smartwatch,74% off,"1,299",₹327,,,Only few left
EDENSCOPE LED Luxurious Fashion Silicone (No Calling) Digital Watch_KID10 Smartwatch,72% off,999,₹274,,,Only few left
"Melbon T800 Ultra Bluetooth Calling, Fitness & Music, Sports & fashions Smartwatch",68% off,"1,999",₹633,,,Bank Offer
"ATSH HUB Trendy latest Gen9 smartwatch, Golden & Pink strap ,hd display * Smartwatch",80% off,"4,499",₹856,,,Only few left
GameSir 4G Touchscreen Smart Kids Watch Toy Selfie Cam Learning Games Alarm Calculator Smartwatch,78% off,"4,999","₹1,095",,,Bank Offer
"PunnkFunnk Sh_Q18 Kids Smartwatch 1.44"" Display, Learning Apps, Waterproof, Calling Watch Smartwatch",53% off,"2,999","₹1,384",,,Hot Deal
Venkat zone GEN9 GOLD ( Extra Pink Strap) amoled display touchscreen Wireless charge V34 Smartwatch,83% off,"4,999",₹843,,,Hot Deal
TECHIO T800 Smart Watch Ultra V-Pro 527 Ultra Smart Watch Smartwatch,81% off,"1,999",₹374,,,Only few left
SHIVANA NEW UPDATED T500 CALLING Z-13 Smartwatch,88% off,"2,999",₹357,(23),3.9,Bank Offer
"GameSir ""SmartKids 4G/5G Video Calling, GPS Locator, Two-Way Calling, & All Sim Support Smartwatch",46% off,"4,999","₹2,652",(16),4.1,Bank Offer
BRATON Smart Watch Smartwatch,89% off,"1,999",₹217,(14),4,Only few left
PS COLLECTION T55 pink Rose Gold Smartwatch Bluetooth Calling Fitness tracker Smartwatch,87% off,"4,999",₹633,(22),4.3,Only few left
Akash Traders Bluetooth Calling Smart watch T500 Smartwatch,81% off,"1,999",₹367,(696),3.5,Bank Offer
"Bfsteckt H6 Blutooth calling Fitness & Health Tracker Watchphone, For Kids Grils Boys Men Smartwatch",41% off,999,₹583,(22),4.3,Only few left
"Gamesir I8 Pro pink Smartwatch with Bluetooth, Fitness & Heart Rate Tracking Smartwatch",70% off,"1,999",₹587,(22),4.3,Hot Deal
"PunnkFunnk Sh_Q18 Kids Smartwatch 1.44"" Display, Learning Apps, Waterproof, Calling Watch Smartwatch",53% off,"2,999","₹1,384",(4),4.5,Hot Deal
"Bfsteckt H6 Blutooth calling Fitness & Health Tracker Watchphone, For Kids Grils Boys Men Smartwatch",41% off,999,₹583,(5),4,Only few left
"Bfsteckt H6 Blutooth calling Fitness & Health Tracker Watchphone, For Kids Grils Boys Men Smartwatch",41% off,999,₹583,(43),4,Only few left
GameSir 4G Touchscreen Smart Kids Watch Toy Selfie Cam Learning Games Alarm Calculator Smartwatch,78% off,"4,999","₹1,095",(4),4,Bank Offer
"punnkfunnk Sh_Safeguard4G/ 5G Smart Watch for Kids - GPS, Video Calls, and voice Chat Smartwatch",44% off,"4,999","₹2,757",(51),3.6,Hot Deal
"PunnkFunnk S9 Ultra Stainless Steel, Bluetooth Calling, Fitness & Music, Sport & fashions Smartwatch",60% off,"2,999","₹1,199",(3),5,Hot Deal
"PunnkFunnk T-STORM 1.99"" AMOLED Display BT Calling, Social Notification, Fitness, Health Smartwatch",80% off,"3,999",₹761,(3),4.3,Only few left
"Gamesir T800 Ultra Orange Smartwatch with Bluetooth, Fitness & Heart Rate Tracking Smartwatch",70% off,"1,999",₹587,(84),3.6,Hot Deal
Rolss Pack Of 2 Kids Digital Watches Waterproof Sports Square Electronic Led Watch-05 Smartwatch,76% off,799,₹184,(3),4,Hot Deal
"Melbon Active Bluetooth Music Calling 1.39 Amoled Display, IP67, 100+ Cloud Watch Faces Smartwatch",74% off,"4,999","₹1,274",(12),4.3,Bank Offer
DOXWO H9 Grey Full Screen Touch Watch Specially Made for Girl & Women Smartwatch Smartwatch,83% off,"3,999",₹658,(9),4.1,Bank Offer
Bewada Trendy Digital Apple NA-Inspired Digital Round Dial Touch Screen Wali Watch Smartwatch,70% off,699,₹208,(134),3.7,Only few left
Rkls T800 Ultra Pro Edition smart watch with WiFi GPS SIM card 5G ultra Speed-1-31 Smartwatch,64% off,"1,499",₹535,(3),4,Only few left
"SKYPHR Sky 800 Ultra smart watch with Wireless Charging, Bluetooth Calling og64 Smartwatch",67% off,"1,299",₹427,(17),3.6,Bank Offer
DOXWO T800 Metal Black Luxury Smartwatch AMOLED Display BT Calling Fitness Tracker Smartwatch,84% off,"3,999",₹633,(9),4.2,Bank Offer
"Fireboltt Rise BT Calling,1.85"", Voice Assistance & 123 Sports Single BT Connection Smartwatch",88% off,"11,999","₹1,368",(9),4.1,Only few left
Mid Light T800 SERIES 8 BLUETOOTH CALLING SMARTWATCH HEART MONITOR UNISEX M131 Smartwatch,77% off,"1,999",₹452,(15),4.2,Hot Deal
"Melbon T800 Ultra Bluetooth Calling, Fitness & Music, Sports & fashions Smartwatch",68% off,"1,999",₹633,(19),4.3,Bank Offer
TECHIO H9 PRO MAX SMART WATCH Smartwatch,68% off,"1,999",₹628,(3),4.3,Only few left
"GameSir 5G Kids Smartwatch with SIM, GPS,Video Call, VoiceChat, Camera, SOS & Waterproof Smartwatch",34% off,"3,999","₹2,630",(3),4.3,Bank Offer
"Melbon Sh_Active-2 Bluetooth Calling, Games, Fitness Music Camera Operate Unisex Smartwatch",73% off,"4,999","₹1,333",(18),3.9,Bank Offer
Melbon T500 black -A1 Full Screen Touch Watch Specially Made for Girl & Women Smartwatch,72% off,"2,999",₹838,(3),4,Hot Deal
P U COLLECTION T55 Black Smart Watch with Calling Function and BP Monitor(Series 7) Smartwatch,64% off,"2,049",₹724,(3),4.3,Only few left
GameSir Sh_Laxasfit S9 Ultra Golden No Color Fade warranty with Many Feature BT Calling Smartwatch,82% off,"4,999",₹884,,,Bank Offer
"inear INWATCH Smartwatch with 2.01 Inch HD Display, Bluetooth Calling, Metal Body Smartwatch",88% off,"9,999","₹1,175",,,Bank Offer
"inear INWATCH Ultra Smartwatch with 2.01 Inch HD Display, Bluetooth Calling Smartwatch",88% off,"9,999","₹1,175",,,Only few left
"Melbon Edge lite pink Amoled Display Smartwatch with Bluetooth Calling, Fitness Tracker Smartwatch",56% off,"1,999",₹863,,,Only few left
"GameSir Sh_Active 2 Round Stay Connected with YouTube, Facebook, and Insta Notifications Smartwatch",72% off,"4,999","₹1,365",,,Bank Offer
Wingsters T800 Ultra Honeycomp Edition smart watch .. Smartwatch,74% off,"1,499",₹383,,,Only few left
"GameSir ""SmartKids 4G/5G Video Calling, GPS Locator, Two-Way Calling, & All Sim Support Smartwatch",34% off,"3,999","₹2,632",,,Bank Offer
"Melbon S9 Ultra 1.9"" HD Smartwatch: Heart Rate, Sleep Monitor, Multi-Sports Smartwatch",66% off,"1,999",₹676,,,Bank Offer
Pushkar Traders T800 Ultra Edition smart watch with WiFi GPS 4G Wireless Charger S8 Smartwatch,80% off,"2,999",₹577,,,Only few left
TARIDO Smart Watch Smartwatch,88% off,"1,999",₹236,,,Only few left
Akash Traders Bluetooth Calling Smart watch T500 Smartwatch,81% off,"1,999",₹367,(5),4.2,Bank Offer
SHIVANA NEW UPDATED T500 CALLING Z-13 Smartwatch,88% off,"2,999",₹357,(18),4,Bank Offer
Dfuli i20 Ultra Android Smart Watch- 7in1 Combo Smartwatch,71% off,"2,199",₹628,(696),3.5,Bank Offer
Laxmi Traders T800 Ultra Honeycomb Edition smart watch with GAME SIM card 4G network Smartwatch,86% off,"2,949",₹390,(3),4.7,Bank Offer
"Gamesir I8 Pro pink Smartwatch with Bluetooth, Fitness & Heart Rate Tracking Smartwatch",70% off,"1,999",₹587,(23),3.9,Hot Deal
Rls T800 Ultra Pro Edition smart watch with WiFi GPS SIM card 5G ultra Speed-1 Smartwatch,74% off,"1,499",₹383,(66),3.6,Bank Offer
"GameSir ""SmartKids 4G/5G Video Calling, GPS Locator, Two-Way Calling, & All Sim Support Smartwatch",46% off,"4,999","₹2,652",(4),4.3,Bank Offer
Timofy School Time LED Watch for Boys and Girls Not A Smartwatch,78% off,699,₹149,(45),3.9,Bank Offer
Joka Android Smart Watch Men 4G Network BT Call GPS X8 Ultra S8 Smart T500 R4 Smartwatch,88% off,"3,199",₹357,(84),3.6,Bank Offer
"Bfsteckt H9 Blutooth calling Fitness & Health Tracker Watchphone, For Kids Grils Boys Men Smartwatch",38% off,999,₹614,(43),4,Bank Offer
"SKYPHR Sky 800 Ultra smart watch with Wireless Charging, Bluetooth Calling og64 Smartwatch",67% off,"1,299",₹427,(45),3.9,Bank Offer
"Gamesir T800 Ultra Orange Smartwatch with Bluetooth, Fitness & Heart Rate Tracking Smartwatch",70% off,"1,999",₹587,(45),3.9,Hot Deal
"Bfsteckt H9 Blutooth calling Fitness & Health Tracker Watchphone, For Kids Grils Boys Men Smartwatch",38% off,999,₹614,(450),3.8,Bank Offer
"Bfsteckt H9 Blutooth calling Fitness & Health Tracker Watchphone, For Kids Grils Boys Men Smartwatch",39% off,999,₹605,(44),4.1,Bank Offer
"PunnkFunnk Edge-Lite | 1.99 "" Amoled Display | BT Calling | AI Voice | Music | Fitness Smartwatch",63% off,"1,999",₹739,(20),3.7,Hot Deal
Rolss New Stylish BlacK Colour Slim Touch Screen LED Light Watch Smartwatch,85% off,999,₹149,(22),4.3,Hot Deal
"DOXWO H9 Smartwatch BT Calling | Fitness | Ai voice | Gaming & Music,Ai voice Smartwatch",82% off,"3,999",₹683,(13),4,Bank Offer
"Bfsteckt H6 Blutooth calling Fitness & Health Tracker Watchphone, For Kids Grils Boys Men Smartwatch",41% off,999,₹583,(11),4.1,Bank Offer
PROBMX T800 ULTRA SMARTWATCH Smartwatch,81% off,"1,999",₹374,(64),3.7,Bank Offer
"WTG H20 Ultra Amoled Display, Bluetooth, Music, Voice Calling, Fitness, Health, Ip67 Smartwatch",72% off,"3,999","₹1,085",(3),4,Hot Deal
GameSir H9 gREY-A1 Full Screen Touch Watch Specially Made for Girl & Women Smartwatch,40% off,"1,399",₹838,(16),4.3,Hot Deal
SHIVANA NEW UPDATED T500 CALLING Z-60 Smartwatch,88% off,"2,999",₹357,(51),3.6,Bank Offer
"Bewada New & hit Kids Round Digital Watch boy's and girl's led smartwatch,led watch-4 Smartwatch",67% off,499,₹162,(85),4.1,Bank Offer
IKART Gold Bluetooth Calling with Fitness Health Sports Music 1EXTRA STRAP V5 Smartwatch,84% off,"2,999",₹477,(3),4,Hot Deal
"Melbon Active Bluetooth Music Calling 1.39 Amoled Display, IP67, 100+ Cloud Watch Faces Smartwatch",74% off,"4,999","₹1,274",(109),4,Bank Offer
BRATON Smart Watch Smartwatch,90% off,"1,999",₹185,(18),4.1,Bank Offer
DOXWO T800 Metal Black Luxury Smartwatch AMOLED Display BT Calling Fitness Tracker Smartwatch,84% off,"3,999",₹633,(297),3.8,Bank Offer
SHIVANA NEW UPDATED T500 CALLING Z-70 Smartwatch,88% off,"2,999",₹357,(35),3.5,Bank Offer
TARIDO kids digital watch Smartwatch,89% off,"1,999",₹205,(9),4.2,Bank Offer
"GameSir TimeNova Smartwatch with Bluetooth Calling, Fitness Tracker, SpO2, AI Voice Smartwatch",44% off,"1,099",₹605,(62),4.1,Hot Deal
"PunnkFunnk Edge-Lite | 1.99 "" Amoled Display | BT Calling | AI Voice | Music | Fitness Smartwatch",63% off,"1,999",₹739,(134),3.7,Hot Deal
PunnkFunnk Sh_ACTIVE 2 Silicone Grey Smart Watch: Alloy Case and Super AMOLED Display Smartwatch,55% off,"2,999","₹1,344",(7),4.1,Bank Offer
SACRO LEL480_smartwatch T900 Ultra Infinite Display Smartwatch Calling Feature (Black) Smartwatch,82% off,"2,299",₹396,(57),3.6,Bank Offer
IKART GEN9 Diamond Edition 2 Straps Super Amoled Display Smartwatch,84% off,"4,999",₹774,(28),4.2,Hot Deal
"Melbon T800 Ultra Bluetooth Calling, Fitness & Music, Sports & fashions Smartwatch",68% off,"1,999",₹633,(10),4.1,Bank Offer
"WTG H20 Ultra Amoled Display, Bluetooth, Music, Voice Calling, Fitness, Health, Ip67 Smartwatch",72% off,"3,999","₹1,084",,,Hot Deal
"PunnkFunnk Sh_Q18 Kids Smartwatch 1.44"" Display, Learning Apps, Waterproof, Calling Watch Smartwatch",53% off,"2,999","₹1,384",,,Hot Deal
"Melbon Lumina 2.01"" Amoled Display Smartwatch with Bluetooth Calling, Fitness Tracker Smartwatch",59% off,"1,999",₹803,,,Hot Deal
CORRES LIFE Z5800 ULTRA Smartwatch,88% off,"4,299",₹483,,,Bank Offer
"Rama T800 Ultra Smartwatch Series 8 with Bluetooth , Fitness & HD Display Smartwatch",82% off,"2,499",₹433,,,Bank Offer
Akash Traders Bluetooth Calling Smart watch T500 Smartwatch,81% off,"1,999",₹367,(13),3.3,Bank Offer
DOXWO H9 Rose BT Calling Full Screen Touch Watch Alarm Made for Men & Women Fitness Smartwatch,86% off,"4,999",₹678,(22),4.3,Bank Offer
"Bfsteckt H6 Blutooth calling Fitness & Health Tracker Watchphone, For Kids Grils Boys Men Smartwatch",41% off,999,₹583,(22),4.3,Bank Offer
"Bfsteckt H6 Blutooth calling Fitness & Health Tracker Watchphone, For Kids Grils Boys Men Smartwatch",41% off,999,₹583,(145),3.5,Bank Offer
SHIVANA NEW UPDATED T500 CALLING Z-13 Smartwatch,88% off,"2,999",₹357,(696),3.5,Bank Offer
Satyamtraders S_T800 ultra smart watch with wireless charging Smartwatch,90% off,"3,849",₹366,(23),3.9,Hot Deal
"Gamesir I8 Pro pink Smartwatch with Bluetooth, Fitness & Heart Rate Tracking Smartwatch",70% off,"1,999",₹587,(9),4.4,Hot Deal
"GameSir ""SmartKids 4G/5G Video Calling, GPS Locator, Two-Way Calling, & All Sim Support Smartwatch",46% off,"4,999","₹2,652",(38),4.1,Bank Offer
Anshi First T800 Ultra Honeycomb smart watch Smartwatch,56% off,999,₹433,(66),3.6,Bank Offer
ZARRY Generation 9 Watch_01 Smartwatch,72% off,"2,799",₹779,(23),3.4,Bank Offer
Timofy School Time LED Watch for Boys and Girls Not A Smartwatch,78% off,699,₹149,(9),4.2,Bank Offer
"GameSir Sh_Kids Smartwatch for Boys & Girls, Men & Women, Sim Card Support Smartwatch",78% off,"4,999","₹1,084",(28),4.2,Hot Deal
Melbon T500 black -A1 Full Screen Touch Watch Specially Made for Girl & Women Smartwatch,72% off,"2,999",₹838,(84),3.6,Hot Deal
CORRES LIFE Z5800 ULTRA Smartwatch,88% off,"4,299",₹483,(23),3.6,Bank Offer
"SKYPHR Sky 800 Ultra smart watch with Wireless Charging, Bluetooth Calling og64 Smartwatch",67% off,"1,299",₹427,(10),3.9,Bank Offer
DREAMSHOP Gold Touch BT Calling Wireless Charging Music Play 1Extra STRAP V2 Smartwatch,72% off,"1,999",₹556,(85),4.1,Bank Offer
"DOXWO Pink H9 BT Calling with double Strap SmartWatch Fitness & Music, AI Voice Smartwatch",82% off,"3,999",₹680,(62),4.1,Bank Offer
FABWANS T800 ultra smartwatch | big display | bluetooth sync | fitness support Smartwatch,73% off,"1,499",₹390,(40),3.4,Bank Offer
BRATON Smart Watch Smartwatch,90% off,"1,999",₹185,(43),4,Bank Offer
IKART GEN9 Diamond Edition 2 Straps Super Amoled Display Smartwatch,84% off,"4,999",₹774,(4),4.3,Hot Deal
GameSir I8 Pink-A1 Full Screen Touch Watch Specially Made for Girl & Women Smartwatch,42% off,999,₹576,(4),4,Hot Deal
"Gamesir T800 Ultra Orange Smartwatch with Bluetooth, Fitness & Heart Rate Tracking Smartwatch",70% off,"1,999",₹587,(13),3.4,Hot Deal
Pushkar Traders T900 Android Smart Watch2 Men 4G Network BT Call GPS X8 Ultra Smartwatch,83% off,"2,299",₹374,(30),3.5,Bank Offer
Ezerio Gen 9 Diamond Strap HD Display 2 Straps BT Calling Smartwatch Smartwatch,78% off,"4,999","₹1,084",(450),3.8,Bank Offer
"DOXWO H9 Smartwatch BT Calling | HD Display | Ai voice | Fitness & Music,Ai voice Smartwatch",82% off,"3,999",₹683,(20),3.7,Bank Offer
TECHIO T800 Ultra SmartWatch With BT Calling and Answer Full Touch Fitness 5G Smartwatch,89% off,"4,999",₹526,(14),4,Bank Offer
"PunnkFunnk Edge-Lite | 1.99 "" Amoled Display | BT Calling | AI Voice | Music | Fitness Smartwatch",63% off,"1,999",₹739,(20),4.4,Hot Deal
"DOXWO H9 Smartwatch BT Calling | Fitness | Ai voice | Gaming & Music,Ai voice Smartwatch",82% off,"3,999",₹683,(22),4.3,Bank Offer
PS COLLECTION T55 pink Rose Gold Smartwatch Bluetooth Calling Fitness tracker Smartwatch,87% off,"4,999",₹633,(64),3.7,Bank Offer
"ATSH HUB Trendy latest Gen9 smartwatch, Golden & Pink strap ,hd display * Smartwatch",80% off,"4,499",₹856,(4),4.5,Bank Offer
"Bfsteckt H6 Blutooth calling Fitness & Health Tracker Watchphone, For Kids Grils Boys Men Smartwatch",41% off,999,₹583,(18),4.1,Bank Offer
GameSir H9 gREY-A1 Full Screen Touch Watch Specially Made for Girl & Women Smartwatch,40% off,"1,399",₹838,(51),3.6,Hot Deal
IKART GEN9 Diamond Edition 2 Straps Super Amoled Display V4 Smartwatch,81% off,"4,999",₹900,(31),3.1,Bank Offer
"GameSir TimeNova Smartwatch with Bluetooth Calling, Fitness Tracker, SpO2, AI Voice Smartwatch",44% off,"1,099",₹605,(3),4,Hot Deal
"Melbon Active Bluetooth Music Calling 1.39 Amoled Display, IP67, 100+ Cloud Watch Faces Smartwatch",74% off,"4,999","₹1,274",(9),4,Bank Offer
TECHIO T800 Bluetooth Calling Touch Watch Health Modes Music Camera Operate Contacts Smartwatch,89% off,"3,599",₹377,(6),3.7,Bank Offer
DOXWO T800 Metal Black Luxury Smartwatch AMOLED Display BT Calling Fitness Tracker Smartwatch,84% off,"3,999",₹633,,,Bank Offer
SHIVANA NEW UPDATED T500 CALLING Z-60 Smartwatch,88% off,"2,999",₹357,,,Bank Offer
Nb Empire T800 Ultra 1.99 Infinite Display Smart Watch with BT Calling T48 Smartwatch,83% off,"2,999",₹482,,,Bank Offer
"DOXWO H9 Smartwatch BT Calling | Fitness | Ai voice | Gaming & Music,Ai voice Smartwatch",83% off,"3,999",₹678,,,Bank Offer
SHIVANA NEW UPDATED T500 CALLING Z-13 Smartwatch,88% off,"2,999",₹357,(23),3.9,Bank Offer
"GameSir ""SmartKids 4G/5G Video Calling, GPS Locator, Two-Way Calling, & All Sim Support Smartwatch",46% off,"4,999","₹2,652",(12),4.3,Bank Offer
"Fireboltt Rise BT Calling,1.85"", Voice Assistance & 123 Sports Single BT Connection Smartwatch",88% off,"11,999","₹1,368",(9),4.1,Bank Offer
Mid Light T800 SERIES 8 BLUETOOTH CALLING SMARTWATCH HEART MONITOR UNISEX M131 Smartwatch,77% off,"1,999",₹452,(3),4,Hot Deal
Akash Traders Bluetooth Calling Smart watch T500 Smartwatch,81% off,"1,999",₹367,(696),3.5,Bank Offer
TECHIO H9 PRO MAX SMART WATCH Smartwatch,68% off,"1,999",₹628,(9),4.2,Bank Offer
"Gamesir I8 Pro pink Smartwatch with Bluetooth, Fitness & Heart Rate Tracking Smartwatch",70% off,"1,999",₹587,(9),4.1,Hot Deal
"PunnkFunnk Sh_Q18 Kids Smartwatch 1.44"" Display, Learning Apps, Waterproof, Calling Watch Smartwatch",53% off,"2,999","₹1,384",(15),4.2,Hot Deal
Melbon T500 black -A1 Full Screen Touch Watch Specially Made for Girl & Women Smartwatch,72% off,"2,999",₹838,(19),4.3,Hot Deal
P U COLLECTION T55 Black Smart Watch with Calling Function and BP Monitor(Series 7) Smartwatch,64% off,"2,049",₹724,(43),4,Bank Offer
GameSir 4G Touchscreen Smart Kids Watch Toy Selfie Cam Learning Games Alarm Calculator Smartwatch,78% off,"4,999","₹1,095",(4),4,Bank Offer
"punnkfunnk Sh_Safeguard4G/ 5G Smart Watch for Kids - GPS, Video Calls, and voice Chat Smartwatch",44% off,"4,999","₹2,757",(51),3.6,Hot Deal
"inear INWATCH Ultra Smartwatch with 2.01 Inch HD Display, Bluetooth Calling Smartwatch",88% off,"9,999","₹1,175",(3),4.3,Bank Offer
"Melbon Edge lite pink Amoled Display Smartwatch with Bluetooth Calling, Fitness Tracker Smartwatch",56% off,"1,999",₹863,(3),4,Bank Offer
"Gamesir T800 Ultra Orange Smartwatch with Bluetooth, Fitness & Heart Rate Tracking Smartwatch",70% off,"1,999",₹587,(84),3.6,Hot Deal
"AVIKA COMBO of Smart Watch & USB Bulb with 4G Calling, Camera, Sim & SD Card Support Smartwatch",41% off,"1,699",₹996,(3),4,Bank Offer
"Melbon Active Bluetooth Music Calling 1.39 Amoled Display, IP67, 100+ Cloud Watch Faces Smartwatch",74% off,"4,999","₹1,274",(3),4.3,Bank Offer
DOXWO H9 Grey Full Screen Touch Watch Specially Made for Girl & Women Smartwatch Smartwatch,83% off,"3,999",₹658,(3),4.7,Bank Offer
Wingsters T800 Ultra Honeycomp Edition smart watch .. Smartwatch,74% off,"1,499",₹383,(134),3.7,Bank Offer
Pushkar Traders T800 Ultra Edition smart watch with WiFi GPS 4G Wireless Charger S8 Smartwatch,80% off,"2,999",₹577,(4),4.3,Bank Offer
"SKYPHR Sky 800 Ultra smart watch with Wireless Charging, Bluetooth Calling og64 Smartwatch",67% off,"1,299",₹427,(17),3.6,Bank Offer
DOXWO T800 Metal Black Luxury Smartwatch AMOLED Display BT Calling Fitness Tracker Smartwatch,84% off,"3,999",₹633,(3),5,Bank Offer
TARIDO Smart Watch Smartwatch,88% off,"1,999",₹236,(4),4,Bank Offer
"DOXWO H9 AMOLED Display, BT Calling, 100+ Sports Modes,7-Day Battery Life,Ai voice Smartwatch",86% off,"4,999",₹678,(9),4,Bank Offer
"Melbon T800 Ultra Bluetooth Calling, Fitness & Music, Sports & fashions Smartwatch",68% off,"1,999",₹633,(4),3.8,Bank Offer
BRATON Smart Watch Smartwatch,89% off,"1,999",₹215,(3),4.3,Bank Offer
"GameSir 5G Kids Smartwatch with SIM, GPS,Video Call, VoiceChat, Camera, SOS & Waterproof Smartwatch",34% off,"3,999","₹2,630",(5),4.2,Bank Offer
"Melbon Sh_Active-2 Bluetooth Calling, Games, Fitness Music Camera Operate Unisex Smartwatch",73% off,"4,999","₹1,333",(18),3.9,Bank Offer
onikuma T800 ULTRA 4G Smart Watch Wifi GPS 5G Network Smartwatch Smartwatch,77% off,"2,599",₹577,(3),5,Bank Offer
DOXWO H9 Black BT Calling HD Display Fitness Tracker 100+ Sports Modes gaming Smartwatch,87% off,"4,999",₹612,(3),4.3,Bank Offer
GameSir Sh_Laxasfit S9 Ultra Golden No Color Fade warranty with Many Feature BT Calling Smartwatch,82% off,"4,999",₹884,,,Bank Offer
"inear INWATCH Smartwatch with 2.01 Inch HD Display, Bluetooth Calling, Metal Body Smartwatch",88% off,"9,999","₹1,175",,,Bank Offer
Nb Empire T800 Ultra 1.99 Infinite Display Smart Watch with BT Calling T48 Smartwatch,83% off,"2,999",₹482,,,Bank Offer
"DOXWO H9 Series 11 Smartwatch BT Calling | HD Display,Fitness Tracker Ai voice & Music Smartwatch",84% off,"3,999",₹618,,,Bank Offer
"GameSir Sh_Active 2 Round Stay Connected with YouTube, Facebook, and Insta Notifications Smartwatch",72% off,"4,999","₹1,365",,,Bank Offer
AZSTAR Smart Watch ID 116 Color Screen Heart Rate Blood Pressure Monitoring Sport Smartwatch,63% off,"1,499",₹554,,,Bank Offer
"GameSir ""SmartKids 4G/5G Video Calling, GPS Locator, Two-Way Calling, & All Sim Support Smartwatch",34% off,"3,999","₹2,632",,,Bank Offer
"Melbon S9 Ultra 1.9"" HD Smartwatch: Heart Rate, Sleep Monitor, Multi-Sports Smartwatch",66% off,"1,999",₹676,,,Bank Offer
"PS COLLECTION Smartwatch T800 S9 BT Calling , Fitness Heart Rate tracking game watch Smartwatch",90% off,"4,999",₹467,,,Bank Offer
Unique Collection Smartwatch Bluetooth Calling Fitness tracker Men and Women Smart Watch Smartwatch,64% off,"2,999","₹1,073",,,Bank Offer
Akash Traders Bluetooth Calling Smart watch T500 Smartwatch,81% off,"1,999",₹367,(5),4.2,Bank Offer
SHIVANA NEW UPDATED T500 CALLING Z-13 Smartwatch,88% off,"2,999",₹357,(18),4,Bank Offer
Dfuli i20 Ultra Android Smart Watch- 7in1 Combo Smartwatch,71% off,"2,199",₹628,(696),3.5,Bank Offer
Laxmi Traders T800 Ultra Honeycomb Edition smart watch with GAME SIM card 4G network Smartwatch,86% off,"2,949",₹390,(3),4.7,Bank Offer
"Gamesir I8 Pro pink Smartwatch with Bluetooth, Fitness & Heart Rate Tracking Smartwatch",70% off,"1,999",₹587,(23),3.9,Hot Deal
Rls T800 Ultra Pro Edition smart watch with WiFi GPS SIM card 5G ultra Speed-1 Smartwatch,74% off,"1,499",₹383,(66),3.6,Bank Offer
"GameSir ""SmartKids 4G/5G Video Calling, GPS Locator, Two-Way Calling, & All Sim Support Smartwatch",46% off,"4,999","₹2,652",(4),4.3,Bank Offer
Timofy School Time LED Watch for Boys and Girls Not A Smartwatch,78% off,699,₹149,(4),5,Bank Offer
Joka Android Smart Watch Men 4G Network BT Call GPS X8 Ultra S8 Smart T500 R4 Smartwatch,88% off,"3,199",₹357,(84),3.6,Bank Offer
Hokti T500 Smartwatch,82% off,"2,199",₹385,(43),4,Bank Offer
"SKYPHR Sky 800 Ultra smart watch with Wireless Charging, Bluetooth Calling og64 Smartwatch",67% off,"1,299",₹427,(45),3.9,Bank Offer
"Gamesir T800 Ultra Orange Smartwatch with Bluetooth, Fitness & Heart Rate Tracking Smartwatch",70% off,"1,999",₹587,(45),3.9,Hot Deal
"Bfsteckt H9 Blutooth calling Fitness & Health Tracker Watchphone, For Kids Grils Boys Men Smartwatch",38% off,999,₹614,(450),3.8,Bank Offer
"Bfsteckt H9 Blutooth calling Fitness & Health Tracker Watchphone, For Kids Grils Boys Men Smartwatch",38% off,999,₹614,(45),3.9,Bank Offer
"PunnkFunnk Edge-Lite | 1.99 "" Amoled Display | BT Calling | AI Voice | Music | Fitness Smartwatch",63% off,"1,999",₹739,(20),3.7,Hot Deal
"Bfsteckt H9 Blutooth calling Fitness & Health Tracker Watchphone, For Kids Grils Boys Men Smartwatch",39% off,999,₹605,(22),4.3,Bank Offer
"DOXWO H9 Smartwatch BT Calling | Fitness | Ai voice | Gaming & Music,Ai voice Smartwatch",82% off,"3,999",₹683,(109),4,Bank Offer
"Bfsteckt H6 Blutooth calling Fitness & Health Tracker Watchphone, For Kids Grils Boys Men Smartwatch",41% off,999,₹583,(44),4.1,Bank Offer
TARIDO kids digital watch Smartwatch,89% off,"1,999",₹205,(64),3.7,Bank Offer
Rolss New Stylish BlacK Colour Slim Touch Screen LED Light Watch Smartwatch,85% off,999,₹149,(51),3.6,Hot Deal
GameSir H9 gREY-A1 Full Screen Touch Watch Specially Made for Girl & Women Smartwatch,40% off,"1,399",₹838,(16),4.3,Hot Deal
"Melbon Active Bluetooth Music Calling 1.39 Amoled Display, IP67, 100+ Cloud Watch Faces Smartwatch",74% off,"4,999","₹1,274",(2),5,Bank Offer
IKART Gold Bluetooth Calling with Fitness Health Sports Music 1EXTRA STRAP V5 Smartwatch,84% off,"2,999",₹477,(3),4,Hot Deal
"BYPASS T-800 Ultra Smartwatch with 1.99 HD display,Wireless Charging,Bluetooth Calling Smartwatch",87% off,"2,999",₹388,(9),4.2,Bank Offer
DOXWO T800 Metal Black Luxury Smartwatch AMOLED Display BT Calling Fitness Tracker Smartwatch,84% off,"3,999",₹633,(85),4.1,Bank Offer
SACRO LEL480_smartwatch T900 Ultra Infinite Display Smartwatch Calling Feature (Black) Smartwatch,82% off,"2,299",₹396,(7),4.4,Bank Offer
SHIVANA NEW UPDATED T500 CALLING Z-60 Smartwatch,88% off,"2,999",₹357,(297),3.8,Bank Offer
SHIVANA NEW UPDATED T500 CALLING Z-70 Smartwatch,88% off,"2,999",₹357,(35),3.5,Bank Offer
BRATON Smart Watch Smartwatch,90% off,"1,999",₹185,(13),4,Bank Offer
Relelsetech H9 Bluetooth Calling Smartwatch with Fitness & Health Tracking for Kids & Men Smartwatch,36% off,999,₹635,(4),5,Bank Offer
"PunnkFunnk Edge-Lite | 1.99 "" Amoled Display | BT Calling | AI Voice | Music | Fitness Smartwatch",63% off,"1,999",₹739,(5),4.2,Hot Deal
PunnkFunnk Sh_ACTIVE 2 Silicone Grey Smart Watch: Alloy Case and Super AMOLED Display Smartwatch,55% off,"2,999","₹1,344",(134),3.7,Bank Offer
PROBMX T800 ULTRA SMARTWATCH Smartwatch,81% off,"1,999",₹374,(16),4.2,Bank Offer
DOXWO H9 black Luxury Smartwatch AMOLED Display BT Calling Fitness Tracker Ai voice Smartwatch,83% off,"3,999",₹667,(12),4.2,Bank Offer
GameSir 4G Touchscreen Smart Kids Watch Toy Selfie Cam Learning Games Alarm Calculator Smartwatch,78% off,"4,999","₹1,095",,,Bank Offer
Netzi T800 BLACK ULTRA SMART WATCH B9333 Smartwatch,73% off,"1,499",₹392,,,Bank Offer
"Melbon T800 Ultra Bluetooth Calling, Fitness & Music, Sports & fashions Smartwatch",68% off,"1,999",₹633,,,Bank Offer
"PunnkFunnk Sh_Q18 Kids Smartwatch 1.44"" Display, Learning Apps, Waterproof, Calling Watch Smartwatch",53% off,"2,999","₹1,384",,,Hot Deal
Anshi T800 - (01) - Black Smartwatch,72% off,"1,499",₹407,,,Bank Offer
"DOXWO Stylish H9 Smartwatch Bluetooth Calling Fitness,tracker AI VOICE,120 Sports Smartwatch",86% off,"4,999",₹683,,,Bank Offer
Akash Traders Bluetooth Calling Smart watch T500 Smartwatch,81% off,"1,999",₹367,(9),4.1,Bank Offer
SHIVANA NEW UPDATED T500 CALLING Z-13 Smartwatch,88% off,"2,999",₹357,(62),4.1,Bank Offer
Mid Light T800 SERIES 8 BLUETOOTH CALLING SMARTWATCH HEART MONITOR UNISEX M131 Smartwatch,77% off,"1,999",₹452,(696),3.5,Hot Deal
IKART GEN9 Diamond Edition 2 Straps Super Amoled Display Smartwatch,84% off,"4,999",₹774,(4),4.3,Hot Deal
"Gamesir I8 Pro pink Smartwatch with Bluetooth, Fitness & Heart Rate Tracking Smartwatch",70% off,"1,999",₹587,(23),3.9,Hot Deal
Pushkar Traders T900 Android Smart Watch2 Men 4G Network BT Call GPS X8 Ultra Smartwatch,83% off,"2,299",₹374,(66),3.6,Bank Offer
"GameSir ""SmartKids 4G/5G Video Calling, GPS Locator, Two-Way Calling, & All Sim Support Smartwatch",46% off,"4,999","₹2,652",(4),4,Bank Offer
Timofy School Time LED Watch for Boys and Girls Not A Smartwatch,78% off,699,₹149,(31),4,Bank Offer
Ezerio Gen 9 Diamond Strap HD Display 2 Straps BT Calling Smartwatch Smartwatch,78% off,"4,999","₹1,084",(84),3.6,Bank Offer
SKYPHR SKY T800 ultra smartwatch big display bluetooth calling or20 Smartwatch,74% off,"1,299",₹327,(43),4,Bank Offer
"SKYPHR Sky 800 Ultra smart watch with Wireless Charging, Bluetooth Calling og64 Smartwatch",67% off,"1,299",₹427,(20),4.4,Bank Offer
"Gamesir T800 Ultra Orange Smartwatch with Bluetooth, Fitness & Heart Rate Tracking Smartwatch",70% off,"1,999",₹587,(19),4.4,Hot Deal
"ATSH HUB Trendy latest Gen9 smartwatch, Golden & Pink strap ,hd display * Smartwatch",80% off,"4,499",₹856,(450),3.8,Bank Offer
Venkat zone GEN9 GOLD ( Extra Pink Strap) amoled display touchscreen Wireless charge V34 Smartwatch,83% off,"4,999",₹843,(8),4,Hot Deal
"PunnkFunnk Edge-Lite | 1.99 "" Amoled Display | BT Calling | AI Voice | Music | Fitness Smartwatch",63% off,"1,999",₹739,(20),3.7,Hot Deal
Ezerio Gen 9 Smartwatch Luxury Design Spically Made for Girl 100+ Faces 1 Extra Strap Smartwatch,63% off,"2,999","₹1,086",(22),4.3,Bank Offer
"DOXWO H9 Smartwatch BT Calling | Fitness | Ai voice | Gaming & Music,Ai voice Smartwatch",82% off,"3,999",₹683,(42),4.1,Bank Offer
"Bfsteckt H6 Blutooth calling Fitness & Health Tracker Watchphone, For Kids Grils Boys Men Smartwatch",41% off,999,₹583,(4),4,Bank Offer
"GameSir T55 Pink 1.69"" AMOLED Display, Music, Fitness, Sports Smartwatch",47% off,"1,099",₹576,(64),3.7,Hot Deal
CRIKONIQ Ultra 2 Series Smartwatch 7 in 1 Combo Set with Calling Feature & Sport Straps Smartwatch,78% off,"2,999",₹635,(51),3.6,Bank Offer
GameSir H9 gREY-A1 Full Screen Touch Watch Specially Made for Girl & Women Smartwatch,40% off,"1,399",₹838,(6),3.7,Hot Deal
"Melbon Active Bluetooth Music Calling 1.39 Amoled Display, IP67, 100+ Cloud Watch Faces Smartwatch",74% off,"4,999","₹1,274",(3),4.3,Bank Offer
"DOXWO H9 Smartwatch BT Calling | Fitness | Ai voice | Gaming & Music,Ai voice Smartwatch",83% off,"3,999",₹678,(3),4,Bank Offer
"GameSir Sh_Active 2 Round Stay Connected with YouTube, Facebook, and Insta Notifications Smartwatch",72% off,"4,999","₹1,365",(4),4.3,Bank Offer
DOXWO T800 Metal Black Luxury Smartwatch AMOLED Display BT Calling Fitness Tracker Smartwatch,84% off,"3,999",₹633,(297),3.8,Bank Offer
"Roudrantak T-800 Ultra Smartwatch with 1.99 HD display,Wireless Charging,Bluetooth Calling Smartwatch",82% off,"2,199",₹392,(10),4.3,Bank Offer
SHIVANA NEW UPDATED T500 CALLING Z-60 Smartwatch,88% off,"2,999",₹357,(6),4.5,Bank Offer
"PunnkFunnk Edge-Lite | 1.99 "" Amoled Display | BT Calling | AI Voice | Music | Fitness Smartwatch",63% off,"1,999",₹739,(35),3.5,Hot Deal
Timofy Lightweight LED Watch with Long Battery Life Not A Smartwatch,78% off,699,₹152,(7),4.1,Bank Offer
"PunnkFunnk Active Bluetooth Music Calling 1.39 Amoled Display, IP67, 100+ Cloud Watch Faces Smartwatch",66% off,"3,999","₹1,329",(13),4.3,Hot Deal
SHIVANA NEW UPDATED T500 CALLING Z-70 Smartwatch,88% off,"2,999",₹357,(4),5,Bank Offer
PunnkFunnk Sh_ACTIVE 2 Silicone Grey Smart Watch: Alloy Case and Super AMOLED Display Smartwatch,55% off,"2,999","₹1,344",(134),3.7,Bank Offer
"WTG H20 Ultra Amoled Display, Bluetooth, Music, Voice Calling, Fitness, Health, Ip67 Smartwatch",72% off,"3,999","₹1,084",(53),4.2,Hot Deal
"GameSir Active Metal gold 15 Bluetooth Calling, specially for women Smartwatch Smartwatch",41% off,"1,999","₹1,166",(9),4.1,Hot Deal
GameSir 4G Touchscreen Smart Kids Watch Toy Selfie Cam Learning Games Alarm Calculator Smartwatch,78% off,"4,999","₹1,095",,,Bank Offer
"WTG T55 1.54"" HD Display Bluetooth Calling, Notifications, Fitness, Girls Smartwatch",68% off,"1,999",₹628,,,Hot Deal
"Melbon T800 Ultra Bluetooth Calling, Fitness & Music, Sports & fashions Smartwatch",68% off,"1,999",₹633,,,Bank Offer
"PunnkFunnk Sh_Q18 Kids Smartwatch 1.44"" Display, Learning Apps, Waterproof, Calling Watch Smartwatch",53% off,"2,999","₹1,384",,,Hot Deal
Melbon Edge-lite Pink-A1 Full Screen Touch Watch Specially Made for Girl & Women Smartwatch,61% off,"1,999",₹766,,,Hot Deal
P U COLLECTION T55 Black Smart Watch with Calling Function and BP Monitor(Series 7) Smartwatch,64% off,"2,049",₹724,,,Bank Offer
Akash Traders Bluetooth Calling Smart watch T500 Smartwatch,81% off,"1,999",₹367,(12),4.3,Bank Offer
SHIVANA NEW UPDATED T500 CALLING Z-13 Smartwatch,88% off,"2,999",₹357,(9),4.1,Bank Offer
"Fireboltt Rise BT Calling,1.85"", Voice Assistance & 123 Sports Single BT Connection Smartwatch",88% off,"11,999","₹1,368",(696),3.5,Bank Offer
Mid Light T800 SERIES 8 BLUETOOTH CALLING SMARTWATCH HEART MONITOR UNISEX M131 Smartwatch,77% off,"1,999",₹452,(3),4,Hot Deal
"Gamesir I8 Pro pink Smartwatch with Bluetooth, Fitness & Heart Rate Tracking Smartwatch",70% off,"1,999",₹587,(23),3.9,Hot Deal
TECHIO H9 PRO MAX SMART WATCH Smartwatch,68% off,"1,999",₹628,(66),3.6,Bank Offer
"GameSir ""SmartKids 4G/5G Video Calling, GPS Locator, Two-Way Calling, & All Sim Support Smartwatch",46% off,"4,999","₹2,652",(9),4.2,Bank Offer
Timofy School Time LED Watch for Boys and Girls Not A Smartwatch,78% off,699,₹149,(9),4.1,Bank Offer
Melbon T500 black -A1 Full Screen Touch Watch Specially Made for Girl & Women Smartwatch,72% off,"2,999",₹838,(84),3.6,Hot Deal
P U COLLECTION T55 Black Smart Watch with Calling Function and BP Monitor(Series 7) Smartwatch,64% off,"2,049",₹724,(43),4,Bank Offer
"SKYPHR Sky 800 Ultra smart watch with Wireless Charging, Bluetooth Calling og64 Smartwatch",67% off,"1,299",₹427,(15),4.2,Bank Offer
"Gamesir T800 Ultra Orange Smartwatch with Bluetooth, Fitness & Heart Rate Tracking Smartwatch",70% off,"1,999",₹587,(19),4.3,Hot Deal
"inear INWATCH Ultra Smartwatch with 2.01 Inch HD Display, Bluetooth Calling Smartwatch",88% off,"9,999","₹1,175",(450),3.8,Bank Offer
"Melbon Edge lite pink Amoled Display Smartwatch with Bluetooth Calling, Fitness Tracker Smartwatch",56% off,"1,999",₹863,(4),4,Bank Offer
"PunnkFunnk Edge-Lite | 1.99 "" Amoled Display | BT Calling | AI Voice | Music | Fitness Smartwatch",63% off,"1,999",₹739,(20),3.7,Hot Deal
"AVIKA COMBO of Smart Watch & USB Bulb with 4G Calling, Camera, Sim & SD Card Support Smartwatch",41% off,"1,699",₹996,(22),4.3,Bank Offer
"DOXWO H9 Smartwatch BT Calling | Fitness | Ai voice | Gaming & Music,Ai voice Smartwatch",82% off,"3,999",₹683,(3),4.3,Bank Offer
"Bfsteckt H6 Blutooth calling Fitness & Health Tracker Watchphone, For Kids Grils Boys Men Smartwatch",41% off,999,₹583,(3),4,Bank Offer
Wingsters T800 Ultra Honeycomp Edition smart watch .. Smartwatch,74% off,"1,499",₹383,(64),3.7,Bank Offer
Pushkar Traders T800 Ultra Edition smart watch with WiFi GPS 4G Wireless Charger S8 Smartwatch,80% off,"2,999",₹577,(51),3.6,Bank Offer
GameSir H9 gREY-A1 Full Screen Touch Watch Specially Made for Girl & Women Smartwatch,40% off,"1,399",₹838,(3),4.3,Hot Deal
"Melbon Active Bluetooth Music Calling 1.39 Amoled Display, IP67, 100+ Cloud Watch Faces Smartwatch",74% off,"4,999","₹1,274",(3),4.7,Bank Offer
TARIDO Smart Watch Smartwatch,88% off,"1,999",₹236,(3),4,Bank Offer
"DOXWO H9 AMOLED Display, BT Calling, 100+ Sports Modes,7-Day Battery Life,Ai voice Smartwatch",86% off,"4,999",₹678,(4),4.3,Bank Offer
DOXWO T800 Metal Black Luxury Smartwatch AMOLED Display BT Calling Fitness Tracker Smartwatch,84% off,"3,999",₹633,(3),5,Bank Offer
BRATON Smart Watch Smartwatch,89% off,"1,999",₹215,(4),4,Bank Offer
SHIVANA NEW UPDATED T500 CALLING Z-60 Smartwatch,88% off,"2,999",₹357,(297),3.8,Bank Offer
SHIVANA NEW UPDATED T500 CALLING Z-70 Smartwatch,88% off,"2,999",₹357,(35),3.5,Bank Offer
onikuma T800 ULTRA 4G Smart Watch Wifi GPS 5G Network Smartwatch Smartwatch,77% off,"2,599",₹577,(9),4,Bank Offer
DOXWO H9 Black BT Calling HD Display Fitness Tracker 100+ Sports Modes gaming Smartwatch,87% off,"4,999",₹612,(4),3.8,Bank Offer
"PunnkFunnk Edge-Lite | 1.99 "" Amoled Display | BT Calling | AI Voice | Music | Fitness Smartwatch",63% off,"1,999",₹739,(5),4.2,Hot Deal
PunnkFunnk Sh_ACTIVE 2 Silicone Grey Smart Watch: Alloy Case and Super AMOLED Display Smartwatch,55% off,"2,999","₹1,344",(134),3.7,Bank Offer
Nb Empire T800 Ultra 1.99 Infinite Display Smart Watch with BT Calling T48 Smartwatch,83% off,"2,999",₹482,(3),5,Bank Offer
"DOXWO H9 Series 11 Smartwatch BT Calling | HD Display,Fitness Tracker Ai voice & Music Smartwatch",84% off,"3,999",₹618,(3),4.3,Bank Offer
GameSir 4G Touchscreen Smart Kids Watch Toy Selfie Cam Learning Games Alarm Calculator Smartwatch,78% off,"4,999","₹1,095",,,Bank Offer
AZSTAR Smart Watch ID 116 Color Screen Heart Rate Blood Pressure Monitoring Sport Smartwatch,63% off,"1,499",₹554,,,Bank Offer
"Melbon T800 Ultra Bluetooth Calling, Fitness & Music, Sports & fashions Smartwatch",68% off,"1,999",₹633,,,Bank Offer
"PunnkFunnk Sh_Q18 Kids Smartwatch 1.44"" Display, Learning Apps, Waterproof, Calling Watch Smartwatch",53% off,"2,999","₹1,384",,,Hot Deal
"PS COLLECTION Smartwatch T800 S9 BT Calling , Fitness Heart Rate tracking game watch Smartwatch",90% off,"4,999",₹467,,,Bank Offer
Unique Collection Smartwatch Bluetooth Calling Fitness tracker Men and Women Smart Watch Smartwatch,64% off,"2,999","₹1,073",,,Bank Offer
SHIVANA NEW UPDATED T500 CALLING Z-13 Smartwatch,88% off,"2,999",₹357,(23),3.9,Bank Offer
"GameSir ""SmartKids 4G/5G Video Calling, GPS Locator, Two-Way Calling, & All Sim Support Smartwatch",46% off,"4,999","₹2,652",(5),4.2,Bank Offer
Dfuli i20 Ultra Android Smart Watch- 7in1 Combo Smartwatch,71% off,"2,199",₹628,(18),4,Bank Offer
Laxmi Traders T800 Ultra Honeycomb Edition smart watch with GAME SIM card 4G network Smartwatch,86% off,"2,949",₹390,(3),4.7,Bank Offer
Akash Traders Bluetooth Calling Smart watch T500 Smartwatch,81% off,"1,999",₹367,(696),3.5,Bank Offer
Rls T800 Ultra Pro Edition smart watch with WiFi GPS SIM card 5G ultra Speed-1 Smartwatch,74% off,"1,499",₹383,(4),4.3,Bank Offer
"Gamesir I8 Pro pink Smartwatch with Bluetooth, Fitness & Heart Rate Tracking Smartwatch",70% off,"1,999",₹587,(4),5,Hot Deal
"PunnkFunnk Sh_Q18 Kids Smartwatch 1.44"" Display, Learning Apps, Waterproof, Calling Watch Smartwatch",53% off,"2,999","₹1,384",(45),3.9,Hot Deal
Joka Android Smart Watch Men 4G Network BT Call GPS X8 Ultra S8 Smart T500 R4 Smartwatch,88% off,"3,199",₹357,(45),3.9,Bank Offer
Hokti T500 Smartwatch,82% off,"2,199",₹385,(43),4,Bank Offer
GameSir 4G Touchscreen Smart Kids Watch Toy Selfie Cam Learning Games Alarm Calculator Smartwatch,78% off,"4,999","₹1,095",(45),3.9,Bank Offer
"punnkfunnk Sh_Safeguard4G/ 5G Smart Watch for Kids - GPS, Video Calls, and voice Chat Smartwatch",44% off,"4,999","₹2,757",(51),3.6,Hot Deal
"Bfsteckt H9 Blutooth calling Fitness & Health Tracker Watchphone, For Kids Grils Boys Men Smartwatch",38% off,999,₹614,(44),4.1,Bank Offer
"Bfsteckt H9 Blutooth calling Fitness & Health Tracker Watchphone, For Kids Grils Boys Men Smartwatch",39% off,999,₹605,(16),4.3,Bank Offer
"Gamesir T800 Ultra Orange Smartwatch with Bluetooth, Fitness & Heart Rate Tracking Smartwatch",70% off,"1,999",₹587,(84),3.6,Hot Deal
"Bfsteckt H9 Blutooth calling Fitness & Health Tracker Watchphone, For Kids Grils Boys Men Smartwatch",38% off,999,₹614,(3),4,Bank Offer
"Melbon Active Bluetooth Music Calling 1.39 Amoled Display, IP67, 100+ Cloud Watch Faces Smartwatch",74% off,"4,999","₹1,274",(2),5,Bank Offer
DOXWO H9 Grey Full Screen Touch Watch Specially Made for Girl & Women Smartwatch Smartwatch,83% off,"3,999",₹658,(109),4,Bank Offer
Rolss New Stylish BlacK Colour Slim Touch Screen LED Light Watch Smartwatch,85% off,999,₹149,(134),3.7,Hot Deal
IKART Gold Bluetooth Calling with Fitness Health Sports Music 1EXTRA STRAP V5 Smartwatch,84% off,"2,999",₹477,(9),4.2,Hot Deal
"SKYPHR Sky 800 Ultra smart watch with Wireless Charging, Bluetooth Calling og64 Smartwatch",67% off,"1,299",₹427,(17),3.6,Bank Offer
DOXWO T800 Metal Black Luxury Smartwatch AMOLED Display BT Calling Fitness Tracker Smartwatch,84% off,"3,999",₹633,(7),4.4,Bank Offer
"BYPASS T-800 Ultra Smartwatch with 1.99 HD display,Wireless Charging,Bluetooth Calling Smartwatch",87% off,"2,999",₹388,(13),4,Bank Offer
TARIDO kids digital watch Smartwatch,89% off,"1,999",₹205,(4),5,Bank Offer
"Melbon T800 Ultra Bluetooth Calling, Fitness & Music, Sports & fashions Smartwatch",68% off,"1,999",₹633,(85),4.1,Bank Offer
SACRO LEL480_smartwatch T900 Ultra Infinite Display Smartwatch Calling Feature (Black) Smartwatch,82% off,"2,299",₹396,(3),4.3,Bank Offer
"GameSir 5G Kids Smartwatch with SIM, GPS,Video Call, VoiceChat, Camera, SOS & Waterproof Smartwatch",34% off,"3,999","₹2,630",(5),4.2,Bank Offer
"Melbon Sh_Active-2 Bluetooth Calling, Games, Fitness Music Camera Operate Unisex Smartwatch",73% off,"4,999","₹1,333",(18),3.9,Bank Offer
Relelsetech H9 Bluetooth Calling Smartwatch with Fitness & Health Tracking for Kids & Men Smartwatch,36% off,999,₹635,(12),4.2,Bank Offer
PROBMX T800 ULTRA SMARTWATCH Smartwatch,81% off,"1,999",₹374,(7),4.4,Bank Offer
GameSir Sh_Laxasfit S9 Ultra Golden No Color Fade warranty with Many Feature BT Calling Smartwatch,82% off,"4,999",₹884,,,Bank Offer
"inear INWATCH Smartwatch with 2.01 Inch HD Display, Bluetooth Calling, Metal Body Smartwatch",88% off,"9,999","₹1,175",,,Bank Offer
DOXWO H9 black Luxury Smartwatch AMOLED Display BT Calling Fitness Tracker Ai voice Smartwatch,83% off,"3,999",₹667,,,Bank Offer
BRATON Smart Watch Smartwatch,90% off,"1,999",₹185,,,Bank Offer
"GameSir Sh_Active 2 Round Stay Connected with YouTube, Facebook, and Insta Notifications Smartwatch",72% off,"4,999","₹1,365",,,Bank Offer
Netzi T800 BLACK ULTRA SMART WATCH B9333 Smartwatch,73% off,"1,499",₹392,,,Bank Offer
"GameSir ""SmartKids 4G/5G Video Calling, GPS Locator, Two-Way Calling, & All Sim Support Smartwatch",34% off,"3,999","₹2,632",,,Bank Offer
"Melbon S9 Ultra 1.9"" HD Smartwatch: Heart Rate, Sleep Monitor, Multi-Sports Smartwatch",66% off,"1,999",₹676,,,Bank Offer
"DOXWO Stylish H9 Smartwatch Bluetooth Calling Fitness,tracker AI VOICE,120 Sports Smartwatch",86% off,"4,999",₹683,,,Bank Offer
Relelsetech H9 Bluetooth Calling Smartwatch with Fitness & Health Tracking for Kids & Men Smartwatch,36% off,999,₹635,,,Bank Offer
Akash Traders Bluetooth Calling Smart watch T500 Smartwatch,81% off,"1,999",₹367,(9),4.1,Bank Offer
SHIVANA NEW UPDATED T500 CALLING Z-13 Smartwatch,88% off,"2,999",₹357,(62),4.1,Bank Offer
Mid Light T800 SERIES 8 BLUETOOTH CALLING SMARTWATCH HEART MONITOR UNISEX M131 Smartwatch,77% off,"1,999",₹452,(696),3.5,Hot Deal
IKART GEN9 Diamond Edition 2 Straps Super Amoled Display Smartwatch,84% off,"4,999",₹774,(4),4.3,Hot Deal
"Gamesir I8 Pro pink Smartwatch with Bluetooth, Fitness & Heart Rate Tracking Smartwatch",70% off,"1,999",₹587,(23),3.9,Hot Deal
Pushkar Traders T900 Android Smart Watch2 Men 4G Network BT Call GPS X8 Ultra Smartwatch,83% off,"2,299",₹374,(66),3.6,Bank Offer
"GameSir ""SmartKids 4G/5G Video Calling, GPS Locator, Two-Way Calling, & All Sim Support Smartwatch",46% off,"4,999","₹2,652",(4),4,Bank Offer
Timofy School Time LED Watch for Boys and Girls Not A Smartwatch,78% off,699,₹149,(31),4,Bank Offer
Ezerio Gen 9 Diamond Strap HD Display 2 Straps BT Calling Smartwatch Smartwatch,78% off,"4,999","₹1,084",(84),3.6,Bank Offer
SKYPHR SKY T800 ultra smartwatch big display bluetooth calling or20 Smartwatch,74% off,"1,299",₹327,(43),4,Bank Offer
"SKYPHR Sky 800 Ultra smart watch with Wireless Charging, Bluetooth Calling og64 Smartwatch",67% off,"1,299",₹427,(20),4.4,Bank Offer
"Gamesir T800 Ultra Orange Smartwatch with Bluetooth, Fitness & Heart Rate Tracking Smartwatch",70% off,"1,999",₹587,(19),4.4,Hot Deal
"ATSH HUB Trendy latest Gen9 smartwatch, Golden & Pink strap ,hd display * Smartwatch",80% off,"4,499",₹856,(450),3.8,Bank Offer
Venkat zone GEN9 GOLD ( Extra Pink Strap) amoled display touchscreen Wireless charge V34 Smartwatch,83% off,"4,999",₹843,(8),4,Hot Deal
"PunnkFunnk Edge-Lite | 1.99 "" Amoled Display | BT Calling | AI Voice | Music | Fitness Smartwatch",63% off,"1,999",₹739,(20),3.7,Hot Deal
Ezerio Gen 9 Smartwatch Luxury Design Spically Made for Girl 100+ Faces 1 Extra Strap Smartwatch,63% off,"2,999","₹1,086",(22),4.3,Bank Offer
"DOXWO H9 Smartwatch BT Calling | Fitness | Ai voice | Gaming & Music,Ai voice Smartwatch",82% off,"3,999",₹683,(42),4.1,Bank Offer
"Bfsteckt H6 Blutooth calling Fitness & Health Tracker Watchphone, For Kids Grils Boys Men Smartwatch",41% off,999,₹583,(4),4,Bank Offer
"GameSir T55 Pink 1.69"" AMOLED Display, Music, Fitness, Sports Smartwatch",47% off,"1,099",₹576,(64),3.7,Hot Deal
CRIKONIQ Ultra 2 Series Smartwatch 7 in 1 Combo Set with Calling Feature & Sport Straps Smartwatch,78% off,"2,999",₹635,(51),3.6,Bank Offer
GameSir H9 gREY-A1 Full Screen Touch Watch Specially Made for Girl & Women Smartwatch,40% off,"1,399",₹838,(6),3.7,Hot Deal
"Melbon Active Bluetooth Music Calling 1.39 Amoled Display, IP67, 100+ Cloud Watch Faces Smartwatch",74% off,"4,999","₹1,274",(3),4.3,Bank Offer
"DOXWO H9 Smartwatch BT Calling | Fitness | Ai voice | Gaming & Music,Ai voice Smartwatch",83% off,"3,999",₹678,(3),4,Bank Offer
"GameSir Sh_Active 2 Round Stay Connected with YouTube, Facebook, and Insta Notifications Smartwatch",72% off,"4,999","₹1,365",(4),4.3,Bank Offer
DOXWO T800 Metal Black Luxury Smartwatch AMOLED Display BT Calling Fitness Tracker Smartwatch,84% off,"3,999",₹633,(297),3.8,Bank Offer
"Roudrantak T-800 Ultra Smartwatch with 1.99 HD display,Wireless Charging,Bluetooth Calling Smartwatch",82% off,"2,199",₹392,(10),4.3,Bank Offer
SHIVANA NEW UPDATED T500 CALLING Z-60 Smartwatch,88% off,"2,999",₹357,(6),4.5,Bank Offer
"PunnkFunnk Edge-Lite | 1.99 "" Amoled Display | BT Calling | AI Voice | Music | Fitness Smartwatch",63% off,"1,999",₹739,(35),3.5,Hot Deal
Timofy Lightweight LED Watch with Long Battery Life Not A Smartwatch,78% off,699,₹152,(7),4.1,Bank Offer
"PunnkFunnk Active Bluetooth Music Calling 1.39 Amoled Display, IP67, 100+ Cloud Watch Faces Smartwatch",66% off,"3,999","₹1,329",(13),4.3,Hot Deal
SHIVANA NEW UPDATED T500 CALLING Z-70 Smartwatch,88% off,"2,999",₹357,(4),5,Bank Offer
PunnkFunnk Sh_ACTIVE 2 Silicone Grey Smart Watch: Alloy Case and Super AMOLED Display Smartwatch,55% off,"2,999","₹1,344",(134),3.7,Bank Offer
"WTG H20 Ultra Amoled Display, Bluetooth, Music, Voice Calling, Fitness, Health, Ip67 Smartwatch",72% off,"3,999","₹1,084",(53),4.2,Hot Deal
"GameSir Active Metal gold 15 Bluetooth Calling, specially for women Smartwatch Smartwatch",41% off,"1,999","₹1,166",(9),4.1,Hot Deal
GameSir 4G Touchscreen Smart Kids Watch Toy Selfie Cam Learning Games Alarm Calculator Smartwatch,78% off,"4,999","₹1,095",,,Bank Offer
"WTG T55 1.54"" HD Display Bluetooth Calling, Notifications, Fitness, Girls Smartwatch",68% off,"1,999",₹628,,,Hot Deal
"Melbon T800 Ultra Bluetooth Calling, Fitness & Music, Sports & fashions Smartwatch",68% off,"1,999",₹633,,,Bank Offer
"PunnkFunnk Sh_Q18 Kids Smartwatch 1.44"" Display, Learning Apps, Waterproof, Calling Watch Smartwatch",53% off,"2,999","₹1,384",,,Hot Deal
Melbon Edge-lite Pink-A1 Full Screen Touch Watch Specially Made for Girl & Women Smartwatch,61% off,"1,999",₹766,,,Hot Deal
P U COLLECTION T55 Black Smart Watch with Calling Function and BP Monitor(Series 7) Smartwatch,64% off,"2,049",₹724,,,Bank Offer
Akash Traders Bluetooth Calling Smart watch T500 Smartwatch,81% off,"1,999",₹367,(12),4.3,Bank Offer
SHIVANA NEW UPDATED T500 CALLING Z-13 Smartwatch,88% off,"2,999",₹357,(9),4.1,Bank Offer
"Fireboltt Rise BT Calling,1.85"", Voice Assistance & 123 Sports Single BT Connection Smartwatch",88% off,"11,999","₹1,368",(696),3.5,Bank Offer
Mid Light T800 SERIES 8 BLUETOOTH CALLING SMARTWATCH HEART MONITOR UNISEX M131 Smartwatch,77% off,"1,999",₹452,(3),4,Hot Deal
"Gamesir I8 Pro pink Smartwatch with Bluetooth, Fitness & Heart Rate Tracking Smartwatch",70% off,"1,999",₹587,(23),3.9,Hot Deal
TECHIO H9 PRO MAX SMART WATCH Smartwatch,68% off,"1,999",₹628,(66),3.6,Bank Offer
"GameSir ""SmartKids 4G/5G Video Calling, GPS Locator, Two-Way Calling, & All Sim Support Smartwatch",46% off,"4,999","₹2,652",(9),4.2,Bank Offer
Timofy School Time LED Watch for Boys and Girls Not A Smartwatch,78% off,699,₹149,(9),4.1,Bank Offer
Melbon T500 black -A1 Full Screen Touch Watch Specially Made for Girl & Women Smartwatch,72% off,"2,999",₹838,(84),3.6,Hot Deal
P U COLLECTION T55 Black Smart Watch with Calling Function and BP Monitor(Series 7) Smartwatch,64% off,"2,049",₹724,(43),4,Bank Offer
"SKYPHR Sky 800 Ultra smart watch with Wireless Charging, Bluetooth Calling og64 Smartwatch",67% off,"1,299",₹427,(15),4.2,Bank Offer
"Gamesir T800 Ultra Orange Smartwatch with Bluetooth, Fitness & Heart Rate Tracking Smartwatch",70% off,"1,999",₹587,(19),4.3,Hot Deal
"inear INWATCH Ultra Smartwatch with 2.01 Inch HD Display, Bluetooth Calling Smartwatch",88% off,"9,999","₹1,175",(450),3.8,Bank Offer
"Melbon Edge lite pink Amoled Display Smartwatch with Bluetooth Calling, Fitness Tracker Smartwatch",56% off,"1,999",₹863,(4),4,Bank Offer
"PunnkFunnk Edge-Lite | 1.99 "" Amoled Display | BT Calling | AI Voice | Music | Fitness Smartwatch",63% off,"1,999",₹739,(20),3.7,Hot Deal
"AVIKA COMBO of Smart Watch & USB Bulb with 4G Calling, Camera, Sim & SD Card Support Smartwatch",41% off,"1,699",₹996,(22),4.3,Bank Offer
"DOXWO H9 Smartwatch BT Calling | Fitness | Ai voice | Gaming & Music,Ai voice Smartwatch",82% off,"3,999",₹683,(3),4.3,Bank Offer
"Bfsteckt H6 Blutooth calling Fitness & Health Tracker Watchphone, For Kids Grils Boys Men Smartwatch",41% off,999,₹583,(3),4,Bank Offer
Wingsters T800 Ultra Honeycomp Edition smart watch .. Smartwatch,74% off,"1,499",₹383,(64),3.7,Bank Offer
Pushkar Traders T800 Ultra Edition smart watch with WiFi GPS 4G Wireless Charger S8 Smartwatch,80% off,"2,999",₹577,(51),3.6,Bank Offer
GameSir H9 gREY-A1 Full Screen Touch Watch Specially Made for Girl & Women Smartwatch,40% off,"1,399",₹838,(3),4.3,Hot Deal
"Melbon Active Bluetooth Music Calling 1.39 Amoled Display, IP67, 100+ Cloud Watch Faces Smartwatch",74% off,"4,999","₹1,274",(3),4.7,Bank Offer
TARIDO Smart Watch Smartwatch,88% off,"1,999",₹236,(3),4,Bank Offer
"DOXWO H9 AMOLED Display, BT Calling, 100+ Sports Modes,7-Day Battery Life,Ai voice Smartwatch",86% off,"4,999",₹678,(4),4.3,Bank Offer
DOXWO T800 Metal Black Luxury Smartwatch AMOLED Display BT Calling Fitness Tracker Smartwatch,84% off,"3,999",₹633,(3),5,Bank Offer
BRATON Smart Watch Smartwatch,89% off,"1,999",₹215,(4),4,Bank Offer
SHIVANA NEW UPDATED T500 CALLING Z-60 Smartwatch,88% off,"2,999",₹357,(297),3.8,Bank Offer
SHIVANA NEW UPDATED T500 CALLING Z-70 Smartwatch,88% off,"2,999",₹357,(35),3.5,Bank Offer
onikuma T800 ULTRA 4G Smart Watch Wifi GPS 5G Network Smartwatch Smartwatch,77% off,"2,599",₹577,(9),4,Bank Offer
DOXWO H9 Black BT Calling HD Display Fitness Tracker 100+ Sports Modes gaming Smartwatch,87% off,"4,999",₹612,(4),3.8,Bank Offer
"PunnkFunnk Edge-Lite | 1.99 "" Amoled Display | BT Calling | AI Voice | Music | Fitness Smartwatch",63% off,"1,999",₹739,(5),4.2,Hot Deal
PunnkFunnk Sh_ACTIVE 2 Silicone Grey Smart Watch: Alloy Case and Super AMOLED Display Smartwatch,55% off,"2,999","₹1,344",(134),3.7,Bank Offer
Nb Empire T800 Ultra 1.99 Infinite Display Smart Watch with BT Calling T48 Smartwatch,83% off,"2,999",₹482,(3),5,Bank Offer
"DOXWO H9 Series 11 Smartwatch BT Calling | HD Display,Fitness Tracker Ai voice & Music Smartwatch",84% off,"3,999",₹618,(3),4.3,Bank Offer
GameSir 4G Touchscreen Smart Kids Watch Toy Selfie Cam Learning Games Alarm Calculator Smartwatch,78% off,"4,999","₹1,095",,,Bank Offer
AZSTAR Smart Watch ID 116 Color Screen Heart Rate Blood Pressure Monitoring Sport Smartwatch,63% off,"1,499",₹554,,,Bank Offer
"Melbon T800 Ultra Bluetooth Calling, Fitness & Music, Sports & fashions Smartwatch",68% off,"1,999",₹633,,,Bank Offer
"PunnkFunnk Sh_Q18 Kids Smartwatch 1.44"" Display, Learning Apps, Waterproof, Calling Watch Smartwatch",53% off,"2,999","₹1,384",,,Hot Deal
"PS COLLECTION Smartwatch T800 S9 BT Calling , Fitness Heart Rate tracking game watch Smartwatch",90% off,"4,999",₹467,,,Bank Offer
Unique Collection Smartwatch Bluetooth Calling Fitness tracker Men and Women Smart Watch Smartwatch,64% off,"2,999","₹1,073",,,Bank Offer
Akash Traders Bluetooth Calling Smart watch T500 Smartwatch,81% off,"1,999",₹367,(5),4.2,Bank Offer
SHIVANA NEW UPDATED T500 CALLING Z-13 Smartwatch,88% off,"2,999",₹357,(18),4,Bank Offer
Dfuli i20 Ultra Android Smart Watch- 7in1 Combo Smartwatch,71% off,"2,199",₹628,(696),3.5,Bank Offer
Laxmi Traders T800 Ultra Honeycomb Edition smart watch with GAME SIM card 4G network Smartwatch,86% off,"2,949",₹390,(3),4.7,Bank Offer
"Gamesir I8 Pro pink Smartwatch with Bluetooth, Fitness & Heart Rate Tracking Smartwatch",70% off,"1,999",₹587,(23),3.9,Hot Deal
Rls T800 Ultra Pro Edition smart watch with WiFi GPS SIM card 5G ultra Speed-1 Smartwatch,74% off,"1,499",₹383,(66),3.6,Bank Offer
"GameSir ""SmartKids 4G/5G Video Calling, GPS Locator, Two-Way Calling, & All Sim Support Smartwatch",46% off,"4,999","₹2,652",(4),4.3,Bank Offer
Timofy School Time LED Watch for Boys and Girls Not A Smartwatch,78% off,699,₹149,(4),5,Bank Offer
Joka Android Smart Watch Men 4G Network BT Call GPS X8 Ultra S8 Smart T500 R4 Smartwatch,88% off,"3,199",₹357,(84),3.6,Bank Offer
Hokti T500 Smartwatch,82% off,"2,199",₹385,(43),4,Bank Offer
"SKYPHR Sky 800 Ultra smart watch with Wireless Charging, Bluetooth Calling og64 Smartwatch",67% off,"1,299",₹427,(45),3.9,Bank Offer
"Gamesir T800 Ultra Orange Smartwatch with Bluetooth, Fitness & Heart Rate Tracking Smartwatch",70% off,"1,999",₹587,(45),3.9,Hot Deal
"Bfsteckt H9 Blutooth calling Fitness & Health Tracker Watchphone, For Kids Grils Boys Men Smartwatch",38% off,999,₹614,(450),3.8,Bank Offer
"Bfsteckt H9 Blutooth calling Fitness & Health Tracker Watchphone, For Kids Grils Boys Men Smartwatch",38% off,999,₹614,(45),3.9,Bank Offer
"PunnkFunnk Edge-Lite | 1.99 "" Amoled Display | BT Calling | AI Voice | Music | Fitness Smartwatch",63% off,"1,999",₹739,(20),3.7,Hot Deal
"Bfsteckt H9 Blutooth calling Fitness & Health Tracker Watchphone, For Kids Grils Boys Men Smartwatch",39% off,999,₹605,(22),4.3,Bank Offer
"DOXWO H9 Smartwatch BT Calling | Fitness | Ai voice | Gaming & Music,Ai voice Smartwatch",82% off,"3,999",₹683,(44),4.1,Bank Offer
"Bfsteckt H6 Blutooth calling Fitness & Health Tracker Watchphone, For Kids Grils Boys Men Smartwatch",41% off,999,₹583,(16),4.3,Bank Offer
Rolss New Stylish BlacK Colour Slim Touch Screen LED Light Watch Smartwatch,85% off,999,₹149,(64),3.7,Hot Deal
IKART Gold Bluetooth Calling with Fitness Health Sports Music 1EXTRA STRAP V5 Smartwatch,84% off,"2,999",₹477,(51),3.6,Hot Deal
GameSir H9 gREY-A1 Full Screen Touch Watch Specially Made for Girl & Women Smartwatch,40% off,"1,399",₹838,(2),5,Hot Deal
"Melbon Active Bluetooth Music Calling 1.39 Amoled Display, IP67, 100+ Cloud Watch Faces Smartwatch",74% off,"4,999","₹1,274",(109),4,Bank Offer
"BYPASS T-800 Ultra Smartwatch with 1.99 HD display,Wireless Charging,Bluetooth Calling Smartwatch",87% off,"2,999",₹388,(3),4,Bank Offer
TARIDO kids digital watch Smartwatch,89% off,"1,999",₹205,(9),4.2,Bank Offer
DOXWO T800 Metal Black Luxury Smartwatch AMOLED Display BT Calling Fitness Tracker Smartwatch,84% off,"3,999",₹633,(7),4.4,Bank Offer
SACRO LEL480_smartwatch T900 Ultra Infinite Display Smartwatch Calling Feature (Black) Smartwatch,82% off,"2,299",₹396,(13),4,Bank Offer
SHIVANA NEW UPDATED T500 CALLING Z-60 Smartwatch,88% off,"2,999",₹357,(297),3.8,Bank Offer
SHIVANA NEW UPDATED T500 CALLING Z-70 Smartwatch,88% off,"2,999",₹357,(35),3.5,Bank Offer
Relelsetech H9 Bluetooth Calling Smartwatch with Fitness & Health Tracking for Kids & Men Smartwatch,36% off,999,₹635,(4),5,Bank Offer
PROBMX T800 ULTRA SMARTWATCH Smartwatch,81% off,"1,999",₹374,(85),4.1,Bank Offer
"PunnkFunnk Edge-Lite | 1.99 "" Amoled Display | BT Calling | AI Voice | Music | Fitness Smartwatch",63% off,"1,999",₹739,(5),4.2,Hot Deal
PunnkFunnk Sh_ACTIVE 2 Silicone Grey Smart Watch: Alloy Case and Super AMOLED Display Smartwatch,55% off,"2,999","₹1,344",(134),3.7,Bank Offer
DOXWO H9 black Luxury Smartwatch AMOLED Display BT Calling Fitness Tracker Ai voice Smartwatch,83% off,"3,999",₹667,(12),4.2,Bank Offer
BRATON Smart Watch Smartwatch,90% off,"1,999",₹185,(7),4.4,Bank Offer
GameSir 4G Touchscreen Smart Kids Watch Toy Selfie Cam Learning Games Alarm Calculator Smartwatch,78% off,"4,999","₹1,095",,,Bank Offer
Netzi T800 BLACK ULTRA SMART WATCH B9333 Smartwatch,73% off,"1,499",₹392,,,Bank Offer
"Melbon T800 Ultra Bluetooth Calling, Fitness & Music, Sports & fashions Smartwatch",68% off,"1,999",₹633,,,Bank Offer
"PunnkFunnk Sh_Q18 Kids Smartwatch 1.44"" Display, Learning Apps, Waterproof, Calling Watch Smartwatch",53% off,"2,999","₹1,384",,,Hot Deal
"DOXWO Stylish H9 Smartwatch Bluetooth Calling Fitness,tracker AI VOICE,120 Sports Smartwatch",86% off,"4,999",₹683,,,Bank Offer
Relelsetech H9 Bluetooth Calling Smartwatch with Fitness & Health Tracking for Kids & Men Smartwatch,36% off,999,₹635,,,Bank Offer
