url,page_title,link,header
https://en.wikipedia.org/wiki/Mount_Edziza,Mount Edziza - Wikipedia,/wiki/Mount_Edziza,Contents
https://en.wikipedia.org/wiki/Mount_Edziza,Mount Edziza - Wikipedia,/wiki/Mount_Edziza,Name and etymology
https://en.wikipedia.org/wiki/Mount_Edziza,Mount Edziza - Wikipedia,/wiki/Mount_Edziza,Geography and geomorphology
https://en.wikipedia.org/wiki/Mount_Edziza,Mount Edziza - Wikipedia,/wiki/Mount_Edziza,Geology
https://en.wikipedia.org/wiki/Mount_Edziza,Mount Edziza - Wikipedia,/wiki/Mount_Edziza,Human history
https://en.wikipedia.org/wiki/Mount_Edziza,Mount Edziza - Wikipedia,/wiki/Mount_Edziza,Accessibility
https://en.wikipedia.org/wiki/Mount_Edziza,Mount Edziza - Wikipedia,/wiki/Mount_Edziza,See also
https://en.wikipedia.org/wiki/Mount_Edziza,Mount Edziza - Wikipedia,/wiki/Mount_Edziza,Notes
https://en.wikipedia.org/wiki/Mount_Edziza,Mount Edziza - Wikipedia,/wiki/Mount_Edziza,References
https://en.wikipedia.org/wiki/Mount_Edziza,Mount Edziza - Wikipedia,/wiki/Mount_Edziza,External links
https://en.wikipedia.org/wiki/Cassiar_Land_District,Cassiar Land District - Wikipedia,/wiki/Cassiar_Land_District,Contents
https://en.wikipedia.org/wiki/Cassiar_Land_District,Cassiar Land District - Wikipedia,/wiki/Cassiar_Land_District,Description
https://en.wikipedia.org/wiki/Cassiar_Land_District,Cassiar Land District - Wikipedia,/wiki/Cassiar_Land_District,See also
https://en.wikipedia.org/wiki/Cassiar_Land_District,Cassiar Land District - Wikipedia,/wiki/Cassiar_Land_District,References
https://en.wikipedia.org/wiki/British_Columbia,British Columbia - Wikipedia,/wiki/British_Columbia,Contents
https://en.wikipedia.org/wiki/British_Columbia,British Columbia - Wikipedia,/wiki/British_Columbia,Etymology
https://en.wikipedia.org/wiki/British_Columbia,British Columbia - Wikipedia,/wiki/British_Columbia,Geography
https://en.wikipedia.org/wiki/British_Columbia,British Columbia - Wikipedia,/wiki/British_Columbia,History
https://en.wikipedia.org/wiki/British_Columbia,British Columbia - Wikipedia,/wiki/British_Columbia,Demographics
https://en.wikipedia.org/wiki/British_Columbia,British Columbia - Wikipedia,/wiki/British_Columbia,Economy
https://en.wikipedia.org/wiki/British_Columbia,British Columbia - Wikipedia,/wiki/British_Columbia,Government and politics
https://en.wikipedia.org/wiki/British_Columbia,British Columbia - Wikipedia,/wiki/British_Columbia,Transportation
https://en.wikipedia.org/wiki/British_Columbia,British Columbia - Wikipedia,/wiki/British_Columbia,Arts and culture
https://en.wikipedia.org/wiki/British_Columbia,British Columbia - Wikipedia,/wiki/British_Columbia,Outdoor life and athletics
https://en.wikipedia.org/wiki/British_Columbia,British Columbia - Wikipedia,/wiki/British_Columbia,Education
https://en.wikipedia.org/wiki/British_Columbia,British Columbia - Wikipedia,/wiki/British_Columbia,See also
https://en.wikipedia.org/wiki/British_Columbia,British Columbia - Wikipedia,/wiki/British_Columbia,Notes
https://en.wikipedia.org/wiki/British_Columbia,British Columbia - Wikipedia,/wiki/British_Columbia,References
https://en.wikipedia.org/wiki/British_Columbia,British Columbia - Wikipedia,/wiki/British_Columbia,Further reading
https://en.wikipedia.org/wiki/British_Columbia,British Columbia - Wikipedia,/wiki/British_Columbia,External links
https://en.wikipedia.org/wiki/Big_Raven_Plateau,Big Raven Plateau - Wikipedia,/wiki/Big_Raven_Plateau,Contents
https://en.wikipedia.org/wiki/Big_Raven_Plateau,Big Raven Plateau - Wikipedia,/wiki/Big_Raven_Plateau,Geography and geomorphology
https://en.wikipedia.org/wiki/Big_Raven_Plateau,Big Raven Plateau - Wikipedia,/wiki/Big_Raven_Plateau,Geology
https://en.wikipedia.org/wiki/Big_Raven_Plateau,Big Raven Plateau - Wikipedia,/wiki/Big_Raven_Plateau,Name and etymology
https://en.wikipedia.org/wiki/Big_Raven_Plateau,Big Raven Plateau - Wikipedia,/wiki/Big_Raven_Plateau,Accessibility
https://en.wikipedia.org/wiki/Big_Raven_Plateau,Big Raven Plateau - Wikipedia,/wiki/Big_Raven_Plateau,See also
https://en.wikipedia.org/wiki/Big_Raven_Plateau,Big Raven Plateau - Wikipedia,/wiki/Big_Raven_Plateau,Notes
https://en.wikipedia.org/wiki/Big_Raven_Plateau,Big Raven Plateau - Wikipedia,/wiki/Big_Raven_Plateau,References
https://en.wikipedia.org/wiki/Big_Raven_Plateau,Big Raven Plateau - Wikipedia,/wiki/Big_Raven_Plateau,External links
https://en.wikipedia.org/wiki/Tahltan_Highland,Tahltan Highland - Wikipedia,/wiki/Tahltan_Highland,Contents
https://en.wikipedia.org/wiki/Tahltan_Highland,Tahltan Highland - Wikipedia,/wiki/Tahltan_Highland,References
https://en.wikipedia.org/wiki/Stikine_Plateau,Stikine Plateau - Wikipedia,/wiki/Stikine_Plateau,Contents
https://en.wikipedia.org/wiki/Stikine_Plateau,Stikine Plateau - Wikipedia,/wiki/Stikine_Plateau,Sub-plateaus and mountain ranges
https://en.wikipedia.org/wiki/Stikine_Plateau,Stikine Plateau - Wikipedia,/wiki/Stikine_Plateau,See also
https://en.wikipedia.org/wiki/Stikine_Plateau,Stikine Plateau - Wikipedia,/wiki/Stikine_Plateau,References
https://en.wikipedia.org/wiki/Mount_Edziza_volcanic_complex,Mount Edziza volcanic complex - Wikipedia,/wiki/Mount_Edziza_volcanic_complex,Contents
https://en.wikipedia.org/wiki/Mount_Edziza_volcanic_complex,Mount Edziza volcanic complex - Wikipedia,/wiki/Mount_Edziza_volcanic_complex,Names and etymology
https://en.wikipedia.org/wiki/Mount_Edziza_volcanic_complex,Mount Edziza volcanic complex - Wikipedia,/wiki/Mount_Edziza_volcanic_complex,Geography and geomorphology
https://en.wikipedia.org/wiki/Mount_Edziza_volcanic_complex,Mount Edziza volcanic complex - Wikipedia,/wiki/Mount_Edziza_volcanic_complex,Geology
https://en.wikipedia.org/wiki/Mount_Edziza_volcanic_complex,Mount Edziza volcanic complex - Wikipedia,/wiki/Mount_Edziza_volcanic_complex,Human history
https://en.wikipedia.org/wiki/Mount_Edziza_volcanic_complex,Mount Edziza volcanic complex - Wikipedia,/wiki/Mount_Edziza_volcanic_complex,Recreation
https://en.wikipedia.org/wiki/Mount_Edziza_volcanic_complex,Mount Edziza volcanic complex - Wikipedia,/wiki/Mount_Edziza_volcanic_complex,Accessibility
https://en.wikipedia.org/wiki/Mount_Edziza_volcanic_complex,Mount Edziza volcanic complex - Wikipedia,/wiki/Mount_Edziza_volcanic_complex,See also
https://en.wikipedia.org/wiki/Mount_Edziza_volcanic_complex,Mount Edziza volcanic complex - Wikipedia,/wiki/Mount_Edziza_volcanic_complex,Notes
https://en.wikipedia.org/wiki/Mount_Edziza_volcanic_complex,Mount Edziza volcanic complex - Wikipedia,/wiki/Mount_Edziza_volcanic_complex,References
https://en.wikipedia.org/wiki/Mount_Edziza_volcanic_complex,Mount Edziza volcanic complex - Wikipedia,/wiki/Mount_Edziza_volcanic_complex,External links
https://en.wikipedia.org/wiki/Volcanic_crater,Volcanic crater - Wikipedia,/wiki/Volcanic_crater,Contents
https://en.wikipedia.org/wiki/Volcanic_crater,Volcanic crater - Wikipedia,/wiki/Volcanic_crater,Geomorphology
https://en.wikipedia.org/wiki/Volcanic_crater,Volcanic crater - Wikipedia,/wiki/Volcanic_crater,See also
https://en.wikipedia.org/wiki/Volcanic_crater,Volcanic crater - Wikipedia,/wiki/Volcanic_crater,References
https://en.wikipedia.org/wiki/Lava_dome,Lava dome - Wikipedia,/wiki/Lava_dome,Contents
https://en.wikipedia.org/wiki/Lava_dome,Lava dome - Wikipedia,/wiki/Lava_dome,Dome dynamics
https://en.wikipedia.org/wiki/Lava_dome,Lava dome - Wikipedia,/wiki/Lava_dome,Related landforms
https://en.wikipedia.org/wiki/Lava_dome,Lava dome - Wikipedia,/wiki/Lava_dome,Examples of lava domes
https://en.wikipedia.org/wiki/Lava_dome,Lava dome - Wikipedia,/wiki/Lava_dome,References
https://en.wikipedia.org/wiki/Lava_dome,Lava dome - Wikipedia,/wiki/Lava_dome,External links
https://en.wikipedia.org/wiki/Cinder_cone,Cinder cone - Wikipedia,/wiki/Cinder_cone,Contents
https://en.wikipedia.org/wiki/Cinder_cone,Cinder cone - Wikipedia,/wiki/Cinder_cone,Mechanics of eruption
https://en.wikipedia.org/wiki/Cinder_cone,Cinder cone - Wikipedia,/wiki/Cinder_cone,Occurrence
https://en.wikipedia.org/wiki/Cinder_cone,Cinder cone - Wikipedia,/wiki/Cinder_cone,Effect of environmental conditions
https://en.wikipedia.org/wiki/Cinder_cone,Cinder cone - Wikipedia,/wiki/Cinder_cone,Monogenetic cones
https://en.wikipedia.org/wiki/Cinder_cone,Cinder cone - Wikipedia,/wiki/Cinder_cone,See also
https://en.wikipedia.org/wiki/Cinder_cone,Cinder cone - Wikipedia,/wiki/Cinder_cone,References
https://en.wikipedia.org/wiki/Cinder_cone,Cinder cone - Wikipedia,/wiki/Cinder_cone,External links
https://en.wikipedia.org/wiki/Lava_field,Lava field - Wikipedia,/wiki/Lava_field,Contents
https://en.wikipedia.org/wiki/Lava_field,Lava field - Wikipedia,/wiki/Lava_field,Morphology and structure
https://en.wikipedia.org/wiki/Lava_field,Lava field - Wikipedia,/wiki/Lava_field,Mapping and prediction
https://en.wikipedia.org/wiki/Lava_field,Lava field - Wikipedia,/wiki/Lava_field,Notable examples
https://en.wikipedia.org/wiki/Lava_field,Lava field - Wikipedia,/wiki/Lava_field,See also
https://en.wikipedia.org/wiki/Lava_field,Lava field - Wikipedia,/wiki/Lava_field,References
https://en.wikipedia.org/wiki/Ice_cap,Ice cap - Wikipedia,/wiki/Ice_cap,Contents
https://en.wikipedia.org/wiki/Ice_cap,Ice cap - Wikipedia,/wiki/Ice_cap,Description
https://en.wikipedia.org/wiki/Ice_cap,Ice cap - Wikipedia,/wiki/Ice_cap,Formation
https://en.wikipedia.org/wiki/Ice_cap,Ice cap - Wikipedia,/wiki/Ice_cap,Global warming
https://en.wikipedia.org/wiki/Ice_cap,Ice cap - Wikipedia,/wiki/Ice_cap,Variants
https://en.wikipedia.org/wiki/Ice_cap,Ice cap - Wikipedia,/wiki/Ice_cap,See also
https://en.wikipedia.org/wiki/Ice_cap,Ice cap - Wikipedia,/wiki/Ice_cap,References
https://en.wikipedia.org/wiki/Glacier_morphology#Outlet_glaciers,Glacier morphology - Wikipedia,/wiki/Glacier_morphology#Outlet_glaciers,Contents
https://en.wikipedia.org/wiki/Glacier_morphology#Outlet_glaciers,Glacier morphology - Wikipedia,/wiki/Glacier_morphology#Outlet_glaciers,Unconstrained Glaciers
https://en.wikipedia.org/wiki/Glacier_morphology#Outlet_glaciers,Glacier morphology - Wikipedia,/wiki/Glacier_morphology#Outlet_glaciers,Constrained glaciers
https://en.wikipedia.org/wiki/Glacier_morphology#Outlet_glaciers,Glacier morphology - Wikipedia,/wiki/Glacier_morphology#Outlet_glaciers,References
https://en.wikipedia.org/wiki/Glacier_morphology#Outlet_glaciers,Glacier morphology - Wikipedia,/wiki/Glacier_morphology#Outlet_glaciers,Sources
https://en.wikipedia.org/wiki/Glacier_morphology#Outlet_glaciers,Glacier morphology - Wikipedia,/wiki/Glacier_morphology#Outlet_glaciers,External links
https://en.wikipedia.org/wiki/Tributary,Tributary - Wikipedia,/wiki/Tributary,Contents
https://en.wikipedia.org/wiki/Tributary,Tributary - Wikipedia,/wiki/Tributary,Terminology
https://en.wikipedia.org/wiki/Tributary,Tributary - Wikipedia,/wiki/Tributary,Ordering and enumeration
https://en.wikipedia.org/wiki/Tributary,Tributary - Wikipedia,/wiki/Tributary,Gallery
https://en.wikipedia.org/wiki/Tributary,Tributary - Wikipedia,/wiki/Tributary,See also
https://en.wikipedia.org/wiki/Tributary,Tributary - Wikipedia,/wiki/Tributary,References
https://en.wikipedia.org/wiki/Mess_Creek,Mess Creek - Wikipedia,/wiki/Mess_Creek,Contents
https://en.wikipedia.org/wiki/Mess_Creek,Mess Creek - Wikipedia,/wiki/Mess_Creek,Geography
https://en.wikipedia.org/wiki/Mess_Creek,Mess Creek - Wikipedia,/wiki/Mess_Creek,Geology
https://en.wikipedia.org/wiki/Mess_Creek,Mess Creek - Wikipedia,/wiki/Mess_Creek,History
https://en.wikipedia.org/wiki/Mess_Creek,Mess Creek - Wikipedia,/wiki/Mess_Creek,See also
https://en.wikipedia.org/wiki/Mess_Creek,Mess Creek - Wikipedia,/wiki/Mess_Creek,References
https://en.wikipedia.org/wiki/Mess_Creek,Mess Creek - Wikipedia,/wiki/Mess_Creek,External links
https://en.wikipedia.org/wiki/Kakiddi_Creek,Kakiddi Creek - Wikipedia,/wiki/Kakiddi_Creek,Contents
https://en.wikipedia.org/wiki/Kakiddi_Creek,Kakiddi Creek - Wikipedia,/wiki/Kakiddi_Creek,Geography
https://en.wikipedia.org/wiki/Kakiddi_Creek,Kakiddi Creek - Wikipedia,/wiki/Kakiddi_Creek,Geology
https://en.wikipedia.org/wiki/Kakiddi_Creek,Kakiddi Creek - Wikipedia,/wiki/Kakiddi_Creek,See also
https://en.wikipedia.org/wiki/Kakiddi_Creek,Kakiddi Creek - Wikipedia,/wiki/Kakiddi_Creek,References
https://en.wikipedia.org/wiki/Stikine_River,Stikine River - Wikipedia,/wiki/Stikine_River,Contents
https://en.wikipedia.org/wiki/Stikine_River,Stikine River - Wikipedia,/wiki/Stikine_River,Names
https://en.wikipedia.org/wiki/Stikine_River,Stikine River - Wikipedia,/wiki/Stikine_River,Geography
https://en.wikipedia.org/wiki/Stikine_River,Stikine River - Wikipedia,/wiki/Stikine_River,Geology
https://en.wikipedia.org/wiki/Stikine_River,Stikine River - Wikipedia,/wiki/Stikine_River,History and culture
https://en.wikipedia.org/wiki/Stikine_River,Stikine River - Wikipedia,/wiki/Stikine_River,Biota
https://en.wikipedia.org/wiki/Stikine_River,Stikine River - Wikipedia,/wiki/Stikine_River,Recreation and conservation
https://en.wikipedia.org/wiki/Stikine_River,Stikine River - Wikipedia,/wiki/Stikine_River,Economic use and development
https://en.wikipedia.org/wiki/Stikine_River,Stikine River - Wikipedia,/wiki/Stikine_River,See also
https://en.wikipedia.org/wiki/Stikine_River,Stikine River - Wikipedia,/wiki/Stikine_River,References
https://en.wikipedia.org/wiki/Stikine_River,Stikine River - Wikipedia,/wiki/Stikine_River,Works cited
https://en.wikipedia.org/wiki/Stikine_River,Stikine River - Wikipedia,/wiki/Stikine_River,External links
https://en.wikipedia.org/wiki/Siege_of_Utica,Siege of Utica - Wikipedia,/wiki/Siege_of_Utica,Contents
https://en.wikipedia.org/wiki/Siege_of_Utica,Siege of Utica - Wikipedia,/wiki/Siege_of_Utica,Background
https://en.wikipedia.org/wiki/Siege_of_Utica,Siege of Utica - Wikipedia,/wiki/Siege_of_Utica,Prelude
https://en.wikipedia.org/wiki/Siege_of_Utica,Siege of Utica - Wikipedia,/wiki/Siege_of_Utica,Siege
https://en.wikipedia.org/wiki/Siege_of_Utica,Siege of Utica - Wikipedia,/wiki/Siege_of_Utica,Aftermath
https://en.wikipedia.org/wiki/Siege_of_Utica,Siege of Utica - Wikipedia,/wiki/Siege_of_Utica,"Notes, citations and sources"
https://en.wikipedia.org/wiki/Ford_Foundation_Center_for_Social_Justice,Ford Foundation Center for Social Justice - Wikipedia,/wiki/Ford_Foundation_Center_for_Social_Justice,Contents
https://en.wikipedia.org/wiki/Ford_Foundation_Center_for_Social_Justice,Ford Foundation Center for Social Justice - Wikipedia,/wiki/Ford_Foundation_Center_for_Social_Justice,Site
https://en.wikipedia.org/wiki/Ford_Foundation_Center_for_Social_Justice,Ford Foundation Center for Social Justice - Wikipedia,/wiki/Ford_Foundation_Center_for_Social_Justice,Architecture
https://en.wikipedia.org/wiki/Ford_Foundation_Center_for_Social_Justice,Ford Foundation Center for Social Justice - Wikipedia,/wiki/Ford_Foundation_Center_for_Social_Justice,History
https://en.wikipedia.org/wiki/Ford_Foundation_Center_for_Social_Justice,Ford Foundation Center for Social Justice - Wikipedia,/wiki/Ford_Foundation_Center_for_Social_Justice,Impact
https://en.wikipedia.org/wiki/Ford_Foundation_Center_for_Social_Justice,Ford Foundation Center for Social Justice - Wikipedia,/wiki/Ford_Foundation_Center_for_Social_Justice,See also
https://en.wikipedia.org/wiki/Ford_Foundation_Center_for_Social_Justice,Ford Foundation Center for Social Justice - Wikipedia,/wiki/Ford_Foundation_Center_for_Social_Justice,References
https://en.wikipedia.org/wiki/Ford_Foundation_Center_for_Social_Justice,Ford Foundation Center for Social Justice - Wikipedia,/wiki/Ford_Foundation_Center_for_Social_Justice,External links
https://en.wikipedia.org/wiki/Life_on_Mars%3F,Life on Mars? - Wikipedia,/wiki/Life_on_Mars%3F,Contents
https://en.wikipedia.org/wiki/Life_on_Mars%3F,Life on Mars? - Wikipedia,/wiki/Life_on_Mars%3F,Background and writing
https://en.wikipedia.org/wiki/Life_on_Mars%3F,Life on Mars? - Wikipedia,/wiki/Life_on_Mars%3F,Recording
https://en.wikipedia.org/wiki/Life_on_Mars%3F,Life on Mars? - Wikipedia,/wiki/Life_on_Mars%3F,Composition
https://en.wikipedia.org/wiki/Life_on_Mars%3F,Life on Mars? - Wikipedia,/wiki/Life_on_Mars%3F,Release
https://en.wikipedia.org/wiki/Life_on_Mars%3F,Life on Mars? - Wikipedia,/wiki/Life_on_Mars%3F,Critical reception
https://en.wikipedia.org/wiki/Life_on_Mars%3F,Life on Mars? - Wikipedia,/wiki/Life_on_Mars%3F,Commercial performance
https://en.wikipedia.org/wiki/Life_on_Mars%3F,Life on Mars? - Wikipedia,/wiki/Life_on_Mars%3F,Live performances
https://en.wikipedia.org/wiki/Life_on_Mars%3F,Life on Mars? - Wikipedia,/wiki/Life_on_Mars%3F,Cover versions and appearances in media
https://en.wikipedia.org/wiki/Life_on_Mars%3F,Life on Mars? - Wikipedia,/wiki/Life_on_Mars%3F,Personnel
https://en.wikipedia.org/wiki/Life_on_Mars%3F,Life on Mars? - Wikipedia,/wiki/Life_on_Mars%3F,Charts
https://en.wikipedia.org/wiki/Life_on_Mars%3F,Life on Mars? - Wikipedia,/wiki/Life_on_Mars%3F,Certifications
https://en.wikipedia.org/wiki/Life_on_Mars%3F,Life on Mars? - Wikipedia,/wiki/Life_on_Mars%3F,Notes
https://en.wikipedia.org/wiki/Life_on_Mars%3F,Life on Mars? - Wikipedia,/wiki/Life_on_Mars%3F,References
https://en.wikipedia.org/wiki/Wikipedia:Featured_articles_(linked_from_TFAfooter),Wikipedia:Featured articles - Wikipedia,/wiki/Wikipedia:Featured_articles_(linked_from_TFAfooter),"Art, architecture, and archaeology"
https://en.wikipedia.org/wiki/Wikipedia:Featured_articles_(linked_from_TFAfooter),Wikipedia:Featured articles - Wikipedia,/wiki/Wikipedia:Featured_articles_(linked_from_TFAfooter),Biology
https://en.wikipedia.org/wiki/Wikipedia:Featured_articles_(linked_from_TFAfooter),Wikipedia:Featured articles - Wikipedia,/wiki/Wikipedia:Featured_articles_(linked_from_TFAfooter),"Business, economics, and finance"
https://en.wikipedia.org/wiki/Wikipedia:Featured_articles_(linked_from_TFAfooter),Wikipedia:Featured articles - Wikipedia,/wiki/Wikipedia:Featured_articles_(linked_from_TFAfooter),Chemistry and mineralogy
https://en.wikipedia.org/wiki/Wikipedia:Featured_articles_(linked_from_TFAfooter),Wikipedia:Featured articles - Wikipedia,/wiki/Wikipedia:Featured_articles_(linked_from_TFAfooter),Computing
https://en.wikipedia.org/wiki/Wikipedia:Featured_articles_(linked_from_TFAfooter),Wikipedia:Featured articles - Wikipedia,/wiki/Wikipedia:Featured_articles_(linked_from_TFAfooter),Culture and society
https://en.wikipedia.org/wiki/Wikipedia:Featured_articles_(linked_from_TFAfooter),Wikipedia:Featured articles - Wikipedia,/wiki/Wikipedia:Featured_articles_(linked_from_TFAfooter),Education
https://en.wikipedia.org/wiki/Wikipedia:Featured_articles_(linked_from_TFAfooter),Wikipedia:Featured articles - Wikipedia,/wiki/Wikipedia:Featured_articles_(linked_from_TFAfooter),Engineering and technology
https://en.wikipedia.org/wiki/Wikipedia:Featured_articles_(linked_from_TFAfooter),Wikipedia:Featured articles - Wikipedia,/wiki/Wikipedia:Featured_articles_(linked_from_TFAfooter),Food and drink
https://en.wikipedia.org/wiki/Wikipedia:Featured_articles_(linked_from_TFAfooter),Wikipedia:Featured articles - Wikipedia,/wiki/Wikipedia:Featured_articles_(linked_from_TFAfooter),Geography and places
https://en.wikipedia.org/wiki/Wikipedia:Featured_articles_(linked_from_TFAfooter),Wikipedia:Featured articles - Wikipedia,/wiki/Wikipedia:Featured_articles_(linked_from_TFAfooter),Geology and geophysics
https://en.wikipedia.org/wiki/Wikipedia:Featured_articles_(linked_from_TFAfooter),Wikipedia:Featured articles - Wikipedia,/wiki/Wikipedia:Featured_articles_(linked_from_TFAfooter),Health and medicine
https://en.wikipedia.org/wiki/Wikipedia:Featured_articles_(linked_from_TFAfooter),Wikipedia:Featured articles - Wikipedia,/wiki/Wikipedia:Featured_articles_(linked_from_TFAfooter),"Heraldry, honors, and vexillology"
https://en.wikipedia.org/wiki/Wikipedia:Featured_articles_(linked_from_TFAfooter),Wikipedia:Featured articles - Wikipedia,/wiki/Wikipedia:Featured_articles_(linked_from_TFAfooter),History
https://en.wikipedia.org/wiki/Wikipedia:Featured_articles_(linked_from_TFAfooter),Wikipedia:Featured articles - Wikipedia,/wiki/Wikipedia:Featured_articles_(linked_from_TFAfooter),Language and linguistics
https://en.wikipedia.org/wiki/Wikipedia:Featured_articles_(linked_from_TFAfooter),Wikipedia:Featured articles - Wikipedia,/wiki/Wikipedia:Featured_articles_(linked_from_TFAfooter),Law
https://en.wikipedia.org/wiki/Wikipedia:Featured_articles_(linked_from_TFAfooter),Wikipedia:Featured articles - Wikipedia,/wiki/Wikipedia:Featured_articles_(linked_from_TFAfooter),Literature and theatre
https://en.wikipedia.org/wiki/Wikipedia:Featured_articles_(linked_from_TFAfooter),Wikipedia:Featured articles - Wikipedia,/wiki/Wikipedia:Featured_articles_(linked_from_TFAfooter),Mathematics
https://en.wikipedia.org/wiki/Wikipedia:Featured_articles_(linked_from_TFAfooter),Wikipedia:Featured articles - Wikipedia,/wiki/Wikipedia:Featured_articles_(linked_from_TFAfooter),Media
https://en.wikipedia.org/wiki/Wikipedia:Featured_articles_(linked_from_TFAfooter),Wikipedia:Featured articles - Wikipedia,/wiki/Wikipedia:Featured_articles_(linked_from_TFAfooter),Meteorology and climate
https://en.wikipedia.org/wiki/Wikipedia:Featured_articles_(linked_from_TFAfooter),Wikipedia:Featured articles - Wikipedia,/wiki/Wikipedia:Featured_articles_(linked_from_TFAfooter),Music
https://en.wikipedia.org/wiki/Wikipedia:Featured_articles_(linked_from_TFAfooter),Wikipedia:Featured articles - Wikipedia,/wiki/Wikipedia:Featured_articles_(linked_from_TFAfooter),Philosophy and psychology
https://en.wikipedia.org/wiki/Wikipedia:Featured_articles_(linked_from_TFAfooter),Wikipedia:Featured articles - Wikipedia,/wiki/Wikipedia:Featured_articles_(linked_from_TFAfooter),Physics and astronomy
https://en.wikipedia.org/wiki/Wikipedia:Featured_articles_(linked_from_TFAfooter),Wikipedia:Featured articles - Wikipedia,/wiki/Wikipedia:Featured_articles_(linked_from_TFAfooter),Politics and government
https://en.wikipedia.org/wiki/Wikipedia:Featured_articles_(linked_from_TFAfooter),Wikipedia:Featured articles - Wikipedia,/wiki/Wikipedia:Featured_articles_(linked_from_TFAfooter),"Religion, mysticism and mythology"
https://en.wikipedia.org/wiki/Wikipedia:Featured_articles_(linked_from_TFAfooter),Wikipedia:Featured articles - Wikipedia,/wiki/Wikipedia:Featured_articles_(linked_from_TFAfooter),Royalty and nobility
https://en.wikipedia.org/wiki/Wikipedia:Featured_articles_(linked_from_TFAfooter),Wikipedia:Featured articles - Wikipedia,/wiki/Wikipedia:Featured_articles_(linked_from_TFAfooter),Sport and recreation
https://en.wikipedia.org/wiki/Wikipedia:Featured_articles_(linked_from_TFAfooter),Wikipedia:Featured articles - Wikipedia,/wiki/Wikipedia:Featured_articles_(linked_from_TFAfooter),Transport
https://en.wikipedia.org/wiki/Wikipedia:Featured_articles_(linked_from_TFAfooter),Wikipedia:Featured articles - Wikipedia,/wiki/Wikipedia:Featured_articles_(linked_from_TFAfooter),Video gaming
https://en.wikipedia.org/wiki/Wikipedia:Featured_articles_(linked_from_TFAfooter),Wikipedia:Featured articles - Wikipedia,/wiki/Wikipedia:Featured_articles_(linked_from_TFAfooter),Warfare
